_id,Date,Line,Time,Day,Station,Code,Min Delay,Min Gap,Bound,Vehicle
1,2025-12-07,FW,07:29,Sunday,FINCH WEST FWLRT STATI,TXDOE,0,0,W,6509
2,2025-12-07,FW,09:17,Sunday,MILVAN RUMIKE STOP,EXTM,7,17,W,6501
3,2025-12-07,FW,09:25,Sunday,MILVAN RUMIKE STOP,EXBK,5,15,E,6512
4,2025-12-07,FW,09:34,Sunday,HUMBER COLLEGE STOP,EXBO,4,14,E,6502
5,2025-12-07,FW,09:55,Sunday,HUMBER COLLEGE STOP,MXTO,5,15,,6508
6,2025-12-07,FW,10:05,Sunday,TOBERMORY STOP,EXBK,4,14,E,6514
7,2025-12-07,FW,10:10,Sunday,FINCH WEST FWLRT STATI,EXO,15,25,E,6502
8,2025-12-07,FW,10:48,Sunday,ROWNTREE MILLS STOP,EXBK,5,15,W,6517
9,2025-12-07,FW,11:05,Sunday,EMERY STOP,TXO,10,20,E,6509
10,2025-12-07,FW,12:36,Sunday,NORFINCH OAKDALE STOP,TXDOE,10,20,E,6502
11,2025-12-07,FW,13:57,Sunday,EMERY STOP,TXOS,5,15,W,6507
12,2025-12-07,FW,14:54,Sunday,EMERY STOP,TXOS,3,13,W,6501
13,2025-12-07,FW,15:30,Sunday,HUMBER COLLEGE STOP,MXO,0,0,,0
14,2025-12-07,FW,16:16,Sunday,SIGNET ARROW STOP,EXO,3,10,W,6512
15,2025-12-07,FW,16:34,Sunday,SENTINEL STOP,TXOS,3,13,W,6508
16,2025-12-07,FW,18:26,Sunday,PEARLDALE STOP,EXO,13,23,W,6514
17,2025-12-07,FW,18:46,Sunday,FINCH WEST FWLRT STATI,MXIS,0,0,,0
18,2025-12-07,FW,20:56,Sunday,MARTIN GROVE STOP,MXUS,12,24,E,6512
19,2025-12-07,FW,21:12,Sunday,HUMBER COLLEGE STOP,MXTO,7,19,W,6506
20,2025-12-07,FW,21:59,Sunday,FINCH WEST FWLRT STATI,MXUS,12,24,W,6512
21,2025-12-07,FW,23:05,Sunday,HUMBER COLLEGE STOP,EXDO,0,0,E,6512
22,2025-12-08,FW,05:08,Monday,FINCH WEST STATION,PXWZ,14,0,E,6512
23,2025-12-08,FW,05:28,Monday,HUMBER COLLEGE STOP,TXNIP,6,0,E,6507
24,2025-12-08,FW,06:01,Monday,HUMBER COLLEGE STOP,MXO,0,0,,0
25,2025-12-08,FW,06:44,Monday,JANE FWLRT STOP,MXO,3,9,E,6503
26,2025-12-08,FW,06:46,Monday,JANE FWLRT STOP,TXOVS,0,0,W,6507
27,2025-12-08,FW,06:55,Monday,MARTIN GROVE STOP,TXO,4,10,E,6517
28,2025-12-08,FW,08:10,Monday,HUMBER COLLEGE STOP,TXNIP,6,12,E,6511
29,2025-12-08,FW,09:41,Monday,HUMBER COLLEGE STOP,MXTO,5,0,E,6508
30,2025-12-08,FW,12:56,Monday,ROWNTREE MILLS STOP,TXOS,4,14,E,6509
31,2025-12-08,FW,13:11,Monday,HUMBER COLLEGE STOP,EXDO,10,10,W,6517
32,2025-12-08,FW,13:20,Monday,HUMBER COLLEGE STOP,MXTO,4,10,W,6501
33,2025-12-08,FW,15:01,Monday,JANE FWLRT STOP,TXO,4,14,E,6503
34,2025-12-08,FW,15:42,Monday,SENTINEL STOP,EXAC,6,12,E,6517
35,2025-12-08,FW,16:41,Monday,FINCH WEST FWLRT STATI,EXAC,6,12,,6512
36,2025-12-08,FW,17:30,Monday,ALBION STOP,PXSTP,3,9,N,6511
37,2025-12-08,FW,21:19,Monday,DRIFTWOOD STOP,EXBK,9,23,E,6503
38,2025-12-08,FW,22:33,Monday,ENTERING MSF,EXO,0,0,W,6507
39,2025-12-09,FW,05:06,Tuesday,NORFINCH OAKDALE STOP,EXO,0,0,W,6501
40,2025-12-09,FW,07:16,Tuesday,NORFINCH OAKDALE STOP,EXO,0,0,W,6507
41,2025-12-09,FW,07:42,Tuesday,SIGNET ARROW STOP,EXO,0,0,W,6514
42,2025-12-09,FW,08:33,Tuesday,WESTMORE STOP,EXO,0,0,W,6508
43,2025-12-09,FW,08:56,Tuesday,MILVAN RUMIKE STOP,EXO,0,0,E,6514
44,2025-12-09,FW,09:01,Tuesday,SIGNET ARROW STOP,EXO,0,0,W,6503
45,2025-12-09,FW,09:12,Tuesday,HUMBER COLLEGE STOP,EXDO,6,12,E,6516
46,2025-12-09,FW,13:05,Tuesday,JANE FWLRT STOP,TXO,3,9,W,6503
47,2025-12-09,FW,13:34,Tuesday,TOBERMORY STOP,TXOVS,0,0,W,6509
48,2025-12-09,FW,15:16,Tuesday,HUMBER COLLEGE STOP,PXSW,92,98,,0
49,2025-12-09,FW,15:30,Tuesday,MARTIN GROVE STOP,PXSW,45,51,W,6515
50,2025-12-09,FW,20:04,Tuesday,FINCH WEST FWLRT STATI,SXO,0,0,,0
51,2025-12-09,FW,21:48,Tuesday,DRIFTWOOD STOP,TXO,10,20,W,6515
52,2025-12-09,FW,22:23,Tuesday,ISLINGTON,EXO,32,42,E,6513
53,2025-12-09,FW,23:00,Tuesday,HUMBER COLLEGE STOP TO,MXST,0,0,,6516
54,2025-12-09,FW,23:32,Tuesday,FINCH WEST FWLRT STATI,EXO,0,0,W,6513
55,2025-12-10,FW,04:56,Wednesday,NORFINCH OAKDALE STOP,EXO,0,0,W,6517
56,2025-12-10,FW,05:13,Wednesday,NORFINCH OAKDALE STOP,EXO,0,0,W,6503
57,2025-12-10,FW,06:53,Wednesday,JANE FWLRT STOP,EXO,0,0,E,6502
58,2025-12-10,FW,07:25,Wednesday,JANE FWLRT STOP,EXO,6,12,E,6513
59,2025-12-10,FW,08:40,Wednesday,JANE FWLRT STOP,MXUS,15,21,E,6507
60,2025-12-10,FW,09:03,Wednesday,TOBERMORY STOP,PXTIS,15,21,,0
61,2025-12-10,FW,11:39,Wednesday,FINCH WEST FWLRT STATI,MXIS,0,0,W,0
62,2025-12-10,FW,12:28,Wednesday,HUMBER COLLEGE STOP (L,TXOVS,0,0,E,6504
63,2025-12-10,FW,13:05,Wednesday,DUNCANWOODS STOP,PXSW,5,15,E,6517
64,2025-12-10,FW,13:41,Wednesday,FINCH WEST FWLRT STATI,MXIS,0,0,,6154
65,2025-12-10,FW,18:12,Wednesday,HUMBER COLLEGE STATION,TXO,10,20,E,6506
66,2025-12-10,FW,18:16,Wednesday,STEVENSON STOP,MXAFR,6,12,E,6503
67,2025-12-10,FW,19:47,Wednesday,YORKGATE,PXSW,0,0,,0
68,2025-12-10,FW,20:52,Wednesday,EMERY STOP,EXHV,0,0,E,6515
69,2025-12-10,FW,21:18,Wednesday,HUMBER COLLEGE STOP,PXSIS,100,110,,0
70,2025-12-10,FW,21:30,Wednesday,ALBION STOP,PXSIS,100,110,,0
71,2025-12-11,FW,05:19,Thursday,YORKGATE,PXSW,46,51,W,6505
72,2025-12-11,FW,06:21,Thursday,HUMBER COLLEGE STOP,PXSW,93,105,,0
73,2025-12-11,FW,07:47,Thursday,JANE AND FINCH,EXNEA,6,12,E,0
74,2025-12-11,FW,07:48,Thursday,SENTINEL STOP,EXO,0,0,E,6501
75,2025-12-11,FW,09:21,Thursday,DRIFTWOOD STOP,EXO,0,0,E,6506
76,2025-12-11,FW,10:38,Thursday,HUMBER COLLEGE STOP,MXIE,0,0,E,6515
77,2025-12-11,FW,11:30,Thursday,HUMBER COLLEGE STOP,EXCE,6,12,E,6508
78,2025-12-11,FW,15:07,Thursday,PEARLDALE STOP,MXUS,10,16,W,6501
79,2025-12-11,FW,15:22,Thursday,FINCH WEST FWLRT STATI,EXCE,6,12,,6517
80,2025-12-11,FW,15:41,Thursday,JANE FWLRT STOP,EXNEA,6,12,E,0
81,2025-12-11,FW,18:21,Thursday,DUNCANWOODS STOP,MXUS,15,21,E,6508
82,2025-12-11,FW,20:32,Thursday,DUNCANWOODS STOP,MXUS,15,25,E,6506
83,2025-12-11,FW,21:27,Thursday,JANE FWLRT STOP,EXO,0,0,W,6514
84,2025-12-11,FW,22:25,Thursday,HUMBER COLLEGE STOP,EXGA,0,0,E,6513
85,2025-12-12,FW,05:10,Friday,JANE FWLRT STOP,EXBK,0,0,E,6506
86,2025-12-12,FW,05:17,Friday,SENTINEL STOP,TXCC,4,14,W,6515
87,2025-12-12,FW,05:52,Friday,STEVENSON STOP,EXBK,4,16,W,73
88,2025-12-12,FW,05:56,Friday,HUMBER COLLEGE STOP,EXCE,10,20,E,6508
89,2025-12-12,FW,07:25,Friday,JANE AND FINCH STOP,EXNEA,0,0,E,6502
90,2025-12-12,FW,07:47,Friday,JANE AND FINCH,EXNEA,0,0,E,0
91,2025-12-12,FW,08:00,Friday,FINCH WEST FWLRT STATI,EXBO,10,20,W,6512
92,2025-12-12,FW,08:08,Friday,MARTIN GROVE STOP,EXBK,3,10,E,6501
93,2025-12-12,FW,08:11,Friday,FINCH WEST FWLRT STATI,EXBK,0,0,W,6511
94,2025-12-12,FW,08:40,Friday,SIGNET ARROW STOP,EXDO,3,10,E,6507
95,2025-12-12,FW,08:45,Friday,JANE FWLRT STOP,EXO,7,14,W,6513
96,2025-12-12,FW,08:48,Friday,YORKGATE BLVD,PXTIS,4,14,W,6515
97,2025-12-12,FW,09:08,Friday,FINCH WEST FWLRT STATI,EXO,7,14,W,6507
98,2025-12-12,FW,11:05,Friday,HUMBER COLLEGE STOP,EXBO,10,20,E,6512
99,2025-12-12,FW,11:42,Friday,HUMBER COLLEGE STOP,TXO,10,20,E,6512
100,2025-12-12,FW,13:07,Friday,FINCH WEST FWLRT STATI,EXO,10,20,W,6515
101,2025-12-12,FW,14:34,Friday,HUMBER COLLEGE STOP,EXAC,7,14,E,6512
102,2025-12-12,FW,15:49,Friday,JANE FWLRT STOP,EXO,7,14,E,0
103,2025-12-12,FW,17:26,Friday,MILVAN RUMIKE STOP,MXUS,12,19,E,6508
104,2025-12-12,FW,17:55,Friday,EMERY STOP,TXO,4,11,W,6511
105,2025-12-12,FW,18:00,Friday,HUMBER COLLEGE STOP,EXATC,10,17,E,6506
106,2025-12-12,FW,18:01,Friday,FINCH WEST FWLRT STATI,EXATC,7,14,W,6509
107,2025-12-12,FW,21:04,Friday,FINCH WEST FWLRT STATI,EXSA,7,12,W,6504
108,2025-12-12,FW,21:20,Friday,FINCH WEST FWLRT STATI,EXSA,7,12,,6504
109,2025-12-13,FW,05:41,Saturday,NORFINCH OAKDALE STOP,EXO,0,0,E,6511
110,2025-12-13,FW,08:33,Saturday,FINCH WEST FWLRT STATI,EXECD,37,0,E,6506
111,2025-12-13,FW,11:35,Saturday,TOBERMORY STOP,EXBK,32,39,W,6509
112,2025-12-13,FW,12:31,Saturday,NORFINCH OAKDALE STOP,EXBK,0,0,W,6511
113,2025-12-13,FW,12:52,Saturday,HUMBER COLLEGE STOP,MXTO,17,27,E,6509
114,2025-12-13,FW,13:10,Saturday,FINCH WEST FWLRT STATI,EXGA,30,39,,6503
115,2025-12-13,FW,13:14,Saturday,FINCH WEST FWLRT STATI,EXTR,0,0,W,6503
116,2025-12-13,FW,14:14,Saturday,NORFINCH OAKDALE STOP,EXTR,0,0,W,6515
117,2025-12-13,FW,15:42,Saturday,ROWNTREE MILLS STOP,EXO,7,17,E,6506
118,2025-12-13,FW,16:07,Saturday,ALBION STOP,EXTM,5,15,E,6514
119,2025-12-13,FW,16:37,Saturday,HUMBER COLLEGE STOP,EXDO,0,0,E,6505
120,2025-12-13,FW,16:43,Saturday,SIGNET ARROW STOP,SXDP,0,0,,6508
121,2025-12-13,FW,18:07,Saturday,DRIFTWOOD STOP,PXDCS,0,0,E,6501
122,2025-12-13,FW,19:18,Saturday,SENTINEL STOP,TXOVS,0,0,W,6511
123,2025-12-13,FW,20:43,Saturday,FINCH WEST FWLRT STATI,EXDO,4,14,W,6508
124,2025-12-13,FW,21:32,Saturday,ALBION STOP,TXO,6,18,W,6508
125,2025-12-14,FW,08:13,Sunday,WESTMORE STOP,EXO,3,13,E,6513
126,2025-12-14,FW,08:22,Sunday,JANE AND FINCH STOP,EXAC,6,16,E,6517
127,2025-12-14,FW,08:31,Sunday,ROWNTREE MILLS STOP (A,EXBK,119,129,E,6513
128,2025-12-14,FW,10:26,Sunday,MILVAN RUMIKE STOP,EXDO,3,13,E,6517
129,2025-12-14,FW,10:42,Sunday,ALBION STOP,EXTM,3,13,E,6506
130,2025-12-14,FW,12:01,Sunday,MARTIN GROVE STOP,EXTM,3,13,W,6514
131,2025-12-14,FW,12:18,Sunday,SENTINEL STOP,EXTM,5,15,W,6501
132,2025-12-14,FW,13:53,Sunday,HUMBER COLLEGE STOP,MXTO,5,10,E,6514
133,2025-12-14,FW,18:31,Sunday,JANE FWLRT STOP,EXAC,0,0,W,6514
134,2025-12-14,FW,19:00,Sunday,MILVAN RUMIKE STOP,MXIE,12,24,E,6501
135,2025-12-14,FW,19:12,Sunday,YORK GATE,PXSW,12,24,W,0
136,2025-12-14,FW,19:32,Sunday,FINCH WEST FWLRT STATI,MXIE,0,0,W,6501
137,2025-12-15,FW,02:01,Monday,YORK  GATE FWMSF,SXO,0,0,,0
138,2025-12-15,FW,07:53,Monday,JANE FWLRT STOP,EXTM,4,7,W,6505
139,2025-12-15,FW,08:09,Monday,DUNCANWOODS STOP (ENTE,TXOVS,0,0,W,6511
140,2025-12-15,FW,08:50,Monday,FINCH WEST FWLRT STATI,EXBO,4,8,W,6515
141,2025-12-15,FW,09:31,Monday,WESTMORE STOP (ENETERI,TXOVS,0,0,E,6516
142,2025-12-15,FW,09:55,Monday,FINCH WEST FWLRT STATI,MXTO,5,9,W,6503
143,2025-12-15,FW,12:11,Monday,YORK GATE,PXSW,0,0,,0
144,2025-12-15,FW,14:08,Monday,STEVENSON STOP,EXO,7,17,E,6504
145,2025-12-15,FW,15:29,Monday,PEARLDALE STOP,MXPAA,4,10,E,6516
146,2025-12-15,FW,15:40,Monday,JANE AND FINCH,EXAC,6,12,E,6512
147,2025-12-15,FW,16:00,Monday,FINCH WEST FWLRT STATI,PXTDN,6,12,W,6509
148,2025-12-15,FW,17:06,Monday,ALBION STOP,EXNEA,0,0,E,0
149,2025-12-15,FW,22:31,Monday,DRIFTWOOD STOP,EXO,0,0,E,6514
150,2025-12-16,FW,04:54,Tuesday,HUMBER COLLEGE STOP,EXGA,26,36,,6509
151,2025-12-16,FW,05:07,Tuesday,JANE FWLRT STOP,EXO,0,0,E,6511
152,2025-12-16,FW,05:13,Tuesday,DUNCANWOODS STOP,TXOVS,0,0,W,6508
153,2025-12-16,FW,06:06,Tuesday,SENTINEL STOP,TXOS,0,0,W,6504
154,2025-12-16,FW,06:52,Tuesday,FINCH WEST FWLRT LINE,PXSCA,0,0,,0
155,2025-12-16,FW,07:24,Tuesday,HUMBER COLLEGE STOP -,EXAC,15,19,,6502
156,2025-12-16,FW,08:51,Tuesday,JANE FWLRT STOP,EXBK,23,27,W,6507
157,2025-12-16,FW,09:23,Tuesday,DRIFTWOOD STOP,EXO,0,0,E,6515
158,2025-12-16,FW,11:13,Tuesday,MILVAN RUMIKE STOP,MXPAA,0,0,W,6504
159,2025-12-16,FW,11:47,Tuesday,FINCH WEST FWLRT STATI,EXAC,5,15,W,6501
160,2025-12-16,FW,15:21,Tuesday,MOUNT OLIVE STOP,EXCE,25,32,W,6503
161,2025-12-17,FW,05:41,Wednesday,HUMBER COLLEGE STOP,EXO,0,0,E,6517
162,2025-12-17,FW,06:51,Wednesday,NORFINCH OAKDALE STOP,EXO,5,11,W,6507
163,2025-12-17,FW,06:58,Wednesday,JANE FWLRT STOP,EXAC,0,0,W,6516
164,2025-12-17,FW,07:00,Wednesday,HUMBER COLLEGE STOP,EXO,0,0,E,6515
165,2025-12-17,FW,07:04,Wednesday,EMERY STOP,EXO,0,0,W,6517
166,2025-12-17,FW,07:13,Wednesday,MILVAN RUMIKE STOP,EXO,0,0,W,6516
167,2025-12-17,FW,07:16,Wednesday,SIGNET ARROW STOP,EXO,0,0,W,6508
168,2025-12-17,FW,07:28,Wednesday,JANE FWLRT STOP,EXO,6,12,E,6503
169,2025-12-17,FW,07:45,Wednesday,JANE FWLRT STOP,EXNEA,6,12,E,0
170,2025-12-17,FW,09:54,Wednesday,HUMBER COLLEGE STOP,TXOVS,3,10,E,6511
171,2025-12-17,FW,10:17,Wednesday,FINCH WEST FWLRT STATI,EXO,5,12,W,0
172,2025-12-17,FW,10:40,Wednesday,MILVAN RUMIKE STOP,EXAC,55,62,W,6517
173,2025-12-17,FW,12:13,Wednesday,TOBERMORY STOP,EXO,0,0,W,6505
174,2025-12-17,FW,15:20,Wednesday,FWMSF,EXYRD,6,12,W,6517
175,2025-12-17,FW,15:57,Wednesday,NORTH HANDOVER,EXO,6,12,W,6517
176,2025-12-17,FW,16:14,Wednesday,JANE AND FINCH,EXNEA,6,12,E,0
177,2025-12-17,FW,17:17,Wednesday,FINCH WEST FWLRT STATI,EXO,10,20,W,6515
178,2025-12-17,FW,17:36,Wednesday,SENTINEL STOP,EXBK,5,15,,6511
179,2025-12-17,FW,19:33,Wednesday,HUMBER COLLEGE STOP,EXAC,10,20,,6504
180,2025-12-17,FW,20:25,Wednesday,DRIFTWOOD STOP,TXS,15,25,E,6503
181,2025-12-17,FW,20:34,Wednesday,DUNCANWOODS STOP,EXATC,8,18,W,6502
182,2025-12-18,FW,03:13,Thursday,145 HUMBER COLLEGE BLV,PXEAS,0,0,,0
183,2025-12-18,FW,05:07,Thursday,HOPP 1,EXO,0,0,,0
184,2025-12-18,FW,05:12,Thursday,NORFINCH OAKDALE STOP,EXCE,0,0,,6509
185,2025-12-18,FW,05:17,Thursday,HUMBER 2 PLATFORM,EXO,0,0,W,6511
186,2025-12-18,FW,06:54,Thursday,WESTMORE STOP,PXTS,5,11,W,6502
187,2025-12-18,FW,07:24,Thursday,HUMBER COLLEGE STOP,PXSW,3,9,E,6516
188,2025-12-18,FW,07:47,Thursday,JANE AND FINCH,EXNEA,6,12,E,0
189,2025-12-18,FW,08:09,Thursday,STEVENSON STOP,EXTM,3,9,E,6505
190,2025-12-18,FW,10:45,Thursday,MILVAN RUMIKE STOP,EXBO,3,13,E,6515
191,2025-12-18,FW,11:00,Thursday,DRIFTWOOD STOP,EXTM,3,13,E,6515
192,2025-12-18,FW,11:45,Thursday,SIGNET ARROW STOP,MXO,10,20,W,6511
193,2025-12-18,FW,13:09,Thursday,SENTINEL STOP,MXO,5,15,W,6515
194,2025-12-18,FW,13:23,Thursday,FWLRT YARD,PXSW,0,0,,0
195,2025-12-18,FW,15:12,Thursday,HAND OVER PLATFORM,EXCE,6,12,E,6505
196,2025-12-18,FW,15:19,Thursday,HUMBER COLLEGE STOP,EXCE,6,12,E,6503
197,2025-12-18,FW,18:56,Thursday,JANE FWLRT STOP,EXNEA,6,12,E,0
198,2025-12-19,FW,06:36,Friday,FINCH WEST FWLRT STATI,EXO,10,20,W,6500
199,2025-12-19,FW,07:47,Friday,JANE FWLRT STOP,EXNEA,10,20,E,0
200,2025-12-19,FW,09:38,Friday,SENTINEL STOP,TXOVS,0,0,S,6508
201,2025-12-19,FW,09:40,Friday,SENTINEL STOP,TXOVS,0,0,E,6509
202,2025-12-19,FW,09:46,Friday,DRIFTWOOD STOP,MXIE,14,24,W,6508
203,2025-12-19,FW,10:22,Friday,NORFINCH OAKDALE STOP,EXAC,4,10,W,6511
204,2025-12-19,FW,10:31,Friday,FINCH WEST FWLRT STATI,SXUEG,5,12,E,6506
205,2025-12-19,FW,12:04,Friday,HUMBER COLLEGE STOP,EXO,0,0,E,6513
206,2025-12-19,FW,15:35,Friday,DRIFTWOOD STOP,MXIR,154,160,E,6506
207,2025-12-19,FW,17:47,Friday,JANE FWLRT STOP,EXNEA,6,12,E,0
208,2025-12-20,FW,09:18,Saturday,SENTINEL STOP,SXDP,0,0,,6513
209,2025-12-20,FW,10:41,Saturday,SIGNET ARROW STOP TO F,MXUS,7,10,E,6513
210,2025-12-20,FW,10:53,Saturday,HUMBER COLLEGE STOP,SXUEG,0,0,,0
211,2025-12-20,FW,11:31,Saturday,FINCH WEST FWLRT STATI,MXO,10,20,W,6502
212,2025-12-20,FW,11:44,Saturday,DUNCANWOODS STOP,TXOVS,3,13,W,6514
213,2025-12-20,FW,13:03,Saturday,FINCH WEST FWLRT STATI,EXAC,10,20,,6505
214,2025-12-20,FW,13:25,Saturday,FINCH WEST FWLRT STATI,TXO,10,20,W,6500
215,2025-12-20,FW,14:47,Saturday,JANE FWLRT STOP,MXPAA,0,0,W,6511
216,2025-12-20,FW,14:48,Saturday,DUNCANWOODS STOP,TXOVS,3,13,W,6516
217,2025-12-20,FW,14:52,Saturday,FINCH WEST FWLRT STATI,MXIE,14,28,W,6505
218,2025-12-20,FW,15:02,Saturday,FINCH WEST FWLRT STATI,EXO,10,20,W,6514
219,2025-12-20,FW,17:26,Saturday,SIGNET ARROW STOP,EXAC,10,20,W,6514
220,2025-12-20,FW,22:05,Saturday,FINCH WEST FWLRT STATI,SXO,0,0,,0
221,2025-12-21,FW,08:32,Sunday,JANE FWLRT STOP,PXDCS,5,15,E,6507
222,2025-12-21,FW,12:11,Sunday,JANE FWLRT STOP,EXTM,3,13,W,6503
223,2025-12-21,FW,12:30,Sunday,PEARLDALE STOP,EXTM,0,0,W,6503
224,2025-12-21,FW,17:59,Sunday,MILVAN RUMIKE STOP TO,MXUS,8,18,E,6511
225,2025-12-21,FW,21:19,Sunday,MOUNT OLIVE STOP,MXD,0,0,W,6513
226,2025-12-21,FW,21:38,Sunday,SENTINEL STOP,MXD,0,0,E,6515
227,2025-12-21,FW,21:49,Sunday,FINCH WEST FWLRT STATI,EXGA,0,0,E,6503
228,2025-12-22,FW,07:06,Monday,HUMBER COLLEGE STOP,EXBO,6,12,E,6515
229,2025-12-22,FW,07:30,Monday,FINCH WEST FWLRT,EXAC,5,11,W,6505
230,2025-12-22,FW,10:47,Monday,JANE FWLRT STOP,EXTM,0,0,W,6507
231,2025-12-22,FW,12:13,Monday,DRIFTWOOD STOP,EXYRD,5,14,W,6502
232,2025-12-22,FW,12:56,Monday,JANE FWLRT STOP,MXUS,6,15,E,6500
233,2025-12-22,FW,14:09,Monday,STEVENSON STOP,EXTR,3,12,E,6508
234,2025-12-22,FW,14:18,Monday,DUNCANWOODS STOP,TXOVS,0,0,W,6507
235,2025-12-22,FW,16:10,Monday,HUMBER COLLEGE STOP,MXTO,7,14,E,6513
236,2025-12-22,FW,16:12,Monday,HUMBER COLLEGE STOP,MXTO,0,0,E,6502
237,2025-12-22,FW,16:24,Monday,WESTMORE (APPROACHING),TXOVS,0,0,E,6502
238,2025-12-22,FW,16:45,Monday,ROWNTREE MILLS STOP,TXOVS,3,10,W,6509
239,2025-12-22,FW,17:21,Monday,PEARLDALE STOP,TXOVS,0,0,E,6515
240,2025-12-22,FW,19:42,Monday,NORFINCH OAKDALE STOP,EXBK,35,45,E,6511
241,2025-12-22,FW,23:08,Monday,FINCH WEST FWLRT STATI,TXST,0,0,,0
242,2025-12-23,FW,06:46,Tuesday,FINCH WEST LRV STOP,EXO,7,17,W,6515
243,2025-12-23,FW,08:30,Tuesday,FINCH WEST FWLRT STATI,MXTO,7,14,W,6515
244,2025-12-23,FW,11:23,Tuesday,HUMBER COLLEGE STOP,TXSUP,3,13,,6500
245,2025-12-23,FW,14:49,Tuesday,HUMBER COLLEGE STOP,EXO,5,15,W,6500
246,2025-12-23,FW,16:07,Tuesday,FINCH WEST FWLRT STATI,MXTO,9,15,E,6513
247,2025-12-23,FW,17:54,Tuesday,APPRAOACHING AT FINCH,EXBK,16,10,E,6506
248,2025-12-23,FW,18:45,Tuesday,FINCH WEST FWLRT STATI,TXO,3,13,W,6502
249,2025-12-23,FW,19:22,Tuesday,FINCH WEST YARD,EXO,0,0,E,6504
250,2025-12-23,FW,20:56,Tuesday,FINCH WEST FWLRT STATI,MXTO,8,20,E,6500
251,2025-12-23,FW,21:48,Tuesday,NORFINCH OAKDALE STOP,TXOVS,0,0,E,6508
252,2025-12-24,FW,08:00,Wednesday,FINCH WEST FWLRT STATI,EXGA,10,17,W,6507
253,2025-12-24,FW,09:40,Wednesday,MARTIN GROVE STOP,TXOVS,3,10,E,6506
254,2025-12-24,FW,10:37,Wednesday,NORFINCH OAKDALE STOP,TXOVS,0,0,E,6513
255,2025-12-24,FW,20:28,Wednesday,JANE FWLRT STOP,TXOVS,0,0,W,6503
256,2025-12-24,FW,21:11,Wednesday,FINCH WEST FWLRT STATI,SXUEG,0,0,W,6514
257,2025-12-24,FW,21:50,Wednesday,SENTINEL STOP,MXUS,15,29,E,6504
258,2025-12-25,FW,11:25,Thursday,FINCH WEST FWLRT STATI,MXTO,5,15,W,6512
259,2025-12-25,FW,12:31,Thursday,SENTINEL STOP,TXOVS,0,0,E,6501
260,2025-12-25,FW,14:04,Thursday,TOBERMORY STOP,EXATC,0,0,E,6516
261,2025-12-25,FW,19:29,Thursday,MOUNT OLIVE STOP,EXBO,5,15,W,6502
262,2025-12-25,FW,20:30,Thursday,WESTMORE  TO MILVAN RU,MXGD,0,0,,0
263,2025-12-25,FW,22:52,Thursday,FINCH WEST FWLRT STATI,MXO,0,0,,0
264,2025-12-26,FW,06:34,Friday,FINCH AVENUE AND HIGHW,MXAFR,114,124,W,6502
265,2025-12-26,FW,07:28,Friday,JANE FWLRT STOP,TXNOA,10,20,E,0
266,2025-12-26,FW,07:29,Friday,FINCH WEST TO SENTINEL,PXDCS,202,212,E,6511
267,2025-12-26,FW,09:20,Friday,FINCH WEST FWLRT STATI,PXSW,10,20,,0
268,2025-12-26,FW,10:48,Friday,HUMBER COLLEGE STOP,PXSW,355,365,,0
269,2025-12-26,FW,11:20,Friday,FINCH WEST FWLRT STATI,EXAC,10,20,E,6511
270,2025-12-26,FW,13:40,Friday,HUMBER COLLEGE STOP (A,EXO,122,132,W,6505
271,2025-12-26,FW,14:45,Friday,SENTINAL STOP,EXWS,10,20,E,6503
272,2025-12-26,FW,15:24,Friday,JANE FWLRT STOP,PXSW,78,89,W,6503
273,2025-12-26,FW,15:59,Friday,HUMBER COLLEGE STOP,MXIS,0,0,,0
274,2025-12-26,FW,17:09,Friday,FINCH WEST FWLRT STATI,MXNOA,10,20,W,0
275,2025-12-26,FW,17:22,Friday,YORKGATE,PXSW,0,0,W,0
276,2025-12-26,FW,18:32,Friday,FINCH WEST FWLRT STATI,TXNOA,12,24,W,0
277,2025-12-26,FW,00:12,Friday,YORKGATE,PXSW,0,0,,0
278,2025-12-27,FW,02:44,Friday,DUNCANWOODS STOP,PXSW,0,0,,0
279,2025-12-27,FW,02:58,Friday,YORKGATE BLVD,PXSW,0,0,E,0
280,2025-12-27,FW,05:37,Friday,NORFINCH OAKDALE STOP,TXCL,5,19,W,6506
281,2025-12-27,FW,06:32,Friday,FINCH WEST FWLRT STATI,SXUEG,7,22,E,6501
282,2025-12-27,FW,08:05,Friday,HUMBER COLLEGE STOP,MXIE,0,0,,0
283,2025-12-27,FW,09:58,Friday,HUMBER COLLEGE STOP,EXBO,5,15,E,6502
284,2025-12-27,FW,12:06,Friday,JANE AND FINCH,MXWEA,5,15,W,6505
285,2025-12-27,FW,12:19,Friday,HUMBER COLLEGE STOP,MXO,3,13,W,6504
286,2025-12-27,FW,17:49,Friday,DRIFTWOOD STOP,EXAC,0,0,W,6506
287,2025-12-27,FW,20:06,Friday,HUMBER COLLEGE STOP,TXNIP,15,27,,6501
288,2025-12-27,FW,20:29,Friday,HUMBER COLLEGE STOP,EXGA,0,0,,0
289,2025-12-27,FW,01:43,Friday,DUNCANWOODS STOP,PXSW,0,0,E,0
290,2025-12-28,FW,08:47,Sunday,FINCH WEST FWLRT STATI,EXAC,7,17,W,6506
291,2025-12-28,FW,08:49,Sunday,FINCH WEST FWLRT STATI,EXAC,10,20,,6515
292,2025-12-28,FW,09:01,Sunday,HUMBER COLLEGE STOP,PXSW,10,20,E,6504
293,2025-12-28,FW,09:14,Sunday,DRIFTWOOD STOP,EXBK,3,13,E,6501
294,2025-12-28,FW,09:59,Sunday,HUMBER COLLEGE STOP,PXSW,10,20,W,6513
295,2025-12-28,FW,10:16,Sunday,FINCH WEST FWLRT STATI,TXO,3,13,W,6514
296,2025-12-28,FW,10:35,Sunday,ROWNTREE MILLS STOP,MXIRS,5,15,E,6501
297,2025-12-28,FW,11:20,Sunday,FINCH WEST FWLRT STATI,EXBK,10,20,W,6501
298,2025-12-28,FW,14:30,Sunday,FINCH WEST FWLRT STATI,EXO,10,20,E,6515
299,2025-12-28,FW,14:37,Sunday,FINCH WEST FWLRT STATI,EXAC,10,20,W,6507
300,2025-12-28,FW,18:16,Sunday,WESTMORE STOP,EXO,0,0,W,6515
301,2025-12-28,FW,18:34,Sunday,JANE FWLRT STOP,EXO,10,20,W,6516
302,2025-12-28,FW,19:30,Sunday,HUMBER COLLEGE STOP,MXPLC,186,198,W,6504
303,2025-12-28,FW,19:55,Sunday,ROWNTREE MILLS STOP,EXAC,12,24,W,6504
304,2025-12-28,FW,20:48,Sunday,FINCH WEST FWLRT STATI,EXCE,12,22,W,6501
305,2025-12-28,FW,22:54,Sunday,TOBERMORY STOP,TXOVS,0,0,W,6513
306,2025-12-28,FW,23:04,Sunday,JANE FWLRT STOP,TXOVS,0,0,W,6504
307,2025-12-29,FW,06:30,Monday,TOBERMORY STOP,EXTM,4,14,W,6505
308,2025-12-29,FW,06:47,Monday,TOBERMORY STOP,EXTM,4,14,W,6504
309,2025-12-29,FW,07:37,Monday,ALBION STOP,EXBO,0,0,W,6515
310,2025-12-29,FW,10:37,Monday,MILVAN RUMIKE STOP,EXTM,0,0,E,6503
311,2025-12-29,FW,14:08,Monday,MOUNT OLIVE STOP,EXDO,3,13,W,6507
312,2025-12-29,FW,15:08,Monday,NORFINCH OAKDALE STOP,EXYRD,17,24,W,6511
313,2025-12-29,FW,15:23,Monday,KENNEDY STATION,MXTO,8,14,W,6237
314,2025-12-29,FW,17:51,Monday,HUMBER COLLEGE STOP,PXSW,0,0,E,6516
315,2025-12-29,FW,19:07,Monday,YORK GATE,PXSW,0,0,,6509
316,2025-12-29,FW,19:21,Monday,ROWNTREE MILLS STOP,EXO,10,20,W,6507
317,2025-12-29,FW,21:04,Monday,FINCH WEST FWLRT STATI,EXO,13,20,W,6515
318,2025-12-29,FW,21:12,Monday,FINCH WEST STATION CRO,PXSW,0,0,E,6507
319,2025-12-30,FW,05:31,Tuesday,DRIFTWOOD STOP,EXBK,0,0,W,6501
320,2025-12-30,FW,06:59,Tuesday,ROWNTREE MILLS STOP,EXBK,0,0,W,6502
321,2025-12-30,FW,07:04,Tuesday,ALBION STOP,EXBK,0,0,E,6507
322,2025-12-30,FW,11:35,Tuesday,WESTMORE STOP,EXBK,11,21,E,6504
323,2025-12-30,FW,19:00,Tuesday,EMERY STOP,EXDO,5,11,E,6511
324,2025-12-30,FW,20:37,Tuesday,DRIFTWOOD STOP,EXO,10,22,E,6506
325,2025-12-30,FW,20:49,Tuesday,DRIFTWOOD STOP,EXBK,0,0,W,6514
326,2025-12-30,FW,21:33,Tuesday,STEVENSON STOP,TXO,14,26,E,6507
327,2025-12-31,FW,05:51,Wednesday,FINCH WEST FWLRT STATI,EXBK,0,0,W,6500
328,2025-12-31,FW,07:13,Wednesday,HUMBER COLLEGE STOP,PXSW,5,20,W,0
329,2025-12-31,FW,07:26,Wednesday,ALBION STOP,TXOS,17,23,W,6508
330,2025-12-31,FW,07:38,Wednesday,ALBION STOP,TXO,8,14,E,6511
331,2025-12-31,FW,07:48,Wednesday,JANE FWLRT STOP,EXTM,3,9,W,6501
332,2025-12-31,FW,09:05,Wednesday,SIGNET ARROW STOP,MXWEA,3,9,W,6513
333,2025-12-31,FW,09:17,Wednesday,HUMBER COLLEGE,EXWA,6,12,W,6506
334,2025-12-31,FW,09:32,Wednesday,ALBION STOP,MXWEA,3,9,W,6503
335,2025-12-31,FW,11:35,Wednesday,WESTMORE STOP,MXWEA,9,16,E,6503
336,2025-12-31,FW,12:05,Wednesday,SENTINEL STOP,EXTR,5,15,W,6515
337,2025-12-31,FW,12:17,Wednesday,EMERY STOP,MXWEA,4,10,W,6513
338,2025-12-31,FW,12:38,Wednesday,MILVAN RUMIKE STOP,MXWEA,4,14,W,6513
339,2025-12-31,FW,13:29,Wednesday,SENTINEL STOP,MXD,4,14,W,6511
340,2025-12-31,FW,13:29,Wednesday,JANE FWLRT STOP,MXWEA,4,14,E,6515
341,2025-12-31,FW,13:43,Wednesday,HUMBER COLLEGE STOP,MXUS,4,14,,6516
342,2025-12-31,FW,15:06,Wednesday,NORFINCH OAKDALE STOP,MXWEA,4,14,E,6504
343,2025-12-31,FW,17:06,Wednesday,HUMBER COLLEGE STOP,EXAC,6,12,W,6503
344,2025-12-31,FW,17:27,Wednesday,SIGNET ARROW STOP,EXSA,6,12,E,6502
345,2025-12-31,FW,17:55,Wednesday,MOUNT OLIVE STOP,TXOVS,0,0,E,6509
346,2025-12-31,FW,18:19,Wednesday,MARTIN GROVE STOP,EXAC,4,14,W,6512
347,2025-12-31,FW,19:09,Wednesday,SIGNET ARROW STOP,MXWEA,4,14,E,6513
348,2025-12-31,FW,19:11,Wednesday,EMERY STOP,MXD,4,14,W,6501
349,2025-12-31,FW,21:02,Wednesday,SENTINEL STOP,EXBK,4,14,E,6504
350,2025-12-31,FW,22:37,Wednesday,NORFINCH OAKDALE STOP,EXBK,0,0,E,6504
351,2026-01-01,FW,08:25,Thursday,SENTINEL STOP,PXSTP,57,67,W,6513
352,2026-01-01,FW,09:08,Thursday,DUNCANWOODS STOP,MXO,6,16,E,6516
353,2026-01-01,FW,10:01,Thursday,TOBERMORY STOP,PXSTP,28,38,E,6509
354,2026-01-01,FW,10:29,Thursday,JANE FWLRT STOP,EXBK,3,13,W,6501
355,2026-01-01,FW,10:55,Thursday,ROWNTREE MILLS STOP,EXBK,95,105,E,6508
356,2026-01-01,FW,11:25,Thursday,MILVAN RUMIKE STOP,PXTIS,0,0,E,6507
357,2026-01-01,FW,11:35,Thursday,MOUNT OLIVE STOP,EXTR,3,13,E,6511
358,2026-01-01,FW,16:05,Thursday,TOBERMORY STOP,EXSA,10,20,E,6511
359,2026-01-01,FW,17:04,Thursday,SENTINEL STOP,EXDO,5,15,W,6501
360,2026-01-01,FW,17:55,Thursday,ROWNTREE MILLS STOP,EXSA,10,20,W,6501
361,2026-01-01,FW,20:37,Thursday,HUMBER COLLEGE STOP,MXTO,8,18,E,6516
362,2026-01-02,FW,05:14,Friday,SENTINEL STOP,MXWEA,4,10,W,6514
363,2026-01-02,FW,05:22,Friday,HUMBER COLLEGE STOP,PXSW,7,14,,0
364,2026-01-02,FW,05:28,Friday,JANE FWLRT STOP,TXNOA,7,14,W,6514
365,2026-01-02,FW,05:28,Friday,JANE FWLRT STOP,MXWEA,4,10,W,6514
366,2026-01-02,FW,05:34,Friday,JANE FWLRT STOP,MXO,6,0,E,6500
367,2026-01-02,FW,07:21,Friday,DRIFTWOOD STOP,MXWEA,4,10,W,6508
368,2026-01-02,FW,07:52,Friday,SIGNET ARROW STOP,MXWEA,4,10,W,6513
369,2026-01-02,FW,08:17,Friday,JANE FWLRT STOP,MXWEA,4,10,E,6514
370,2026-01-02,FW,08:30,Friday,EMERY STOP,MXWEA,4,10,W,6516
371,2026-01-02,FW,09:06,Friday,ALBION STOP,MXWEA,4,10,E,6501
372,2026-01-02,FW,09:27,Friday,EMERY STOP,MXWEA,4,10,E,6501
373,2026-01-02,FW,09:40,Friday,EMERY STOP,EXTM,7,13,E,6501
374,2026-01-02,FW,09:56,Friday,EMERY STOP,MXWEA,4,0,E,6509
375,2026-01-02,FW,09:56,Friday,EMERY STOP,MXWEA,4,10,E,6509
376,2026-01-02,FW,18:16,Friday,SENTINEL STOP,EXDO,11,18,W,6508
377,2026-01-02,FW,21:47,Friday,EMERY STOP,SXPOL,23,37,W,6517
378,2026-01-03,FW,06:00,Saturday,HUMBER COLLEGE STOP,MXI,46,0,W,6509
379,2026-01-03,FW,08:56,Saturday,MILVAN RUMIKE STOP,EXO,0,0,E,6515
380,2026-01-03,FW,09:04,Saturday,FINCH WEST FWLRT STATI,EXAC,0,0,,6504
381,2026-01-03,FW,10:11,Saturday,EMERY STOP,EXO,5,0,W,6503
382,2026-01-03,FW,10:16,Saturday,ALBION STOP,EXO,0,0,E,6501
383,2026-01-03,FW,10:29,Saturday,HUMBER COLLEGE STOP,MXTO,6,16,E,6514
384,2026-01-03,FW,10:29,Saturday,MILVAN RUMIKE STOP,EXO,18,28,W,6503
385,2026-01-03,FW,11:16,Saturday,FINCH WEST FWLRT STATI,EXCE,0,0,W,6514
386,2026-01-03,FW,12:04,Saturday,FINCH WEST FWLRT STATI,EXCE,0,0,W,6503
387,2026-01-03,FW,12:24,Saturday,ROWNTREE MILLS STOP,EXO,3,0,E,6515
388,2026-01-03,FW,13:12,Saturday,ALBION STOP,EXO,0,0,E,6503
389,2026-01-03,FW,14:46,Saturday,HUMBER COLLEGE STOP,EXO,10,20,E,6503
390,2026-01-03,FW,15:42,Saturday,FINCH WEST FWLRT STATI,TXNIP,10,20,W,6503
391,2026-01-03,FW,17:08,Saturday,HUMBER COLLEGE STOP,MXUS,19,29,E,6502
392,2026-01-03,FW,17:13,Saturday,MOUNT OLIVE STOP,EXO,3,13,E,6502
393,2026-01-04,FW,09:52,Sunday,DRIFTWOOD STOP,EXSA,10,20,E,6504
394,2026-01-04,FW,11:54,Sunday,WESTMORE STOP,EXO,10,20,E,6513
395,2026-01-04,FW,12:59,Sunday,FINCH WEST FWLRT STATI,PXSO,5,15,W,6501
396,2026-01-04,FW,13:16,Sunday,FINCH WEST FWLRT STATI,EXTM,7,17,W,6501
397,2026-01-04,FW,17:47,Sunday,STEVENSON STOP,EXDO,8,18,E,6502
398,2026-01-04,FW,19:11,Sunday,HUMBER COLLEGE STOP,TXO,5,15,,6517
399,2026-01-04,FW,01:49,Sunday,DRIFTWOOD STOP,PXSW,0,0,W,0
400,2026-01-05,FW,04:16,Monday,TOBERMORY STOP,PXSW,0,0,W,0
401,2026-01-05,FW,06:01,Monday,FINCH WEST FWLRT STATI,EXWM,4,14,W,6500
402,2026-01-05,FW,07:29,Monday,HUMBER COLLEGE STOP,PXSW,80,87,,6500
403,2026-01-05,FW,07:42,Monday,MARTIN GROVE STOP,PXSW,5,12,,6514
404,2026-01-05,FW,07:53,Monday,FINCH WEST FWLRT STATI,PXSW,3,12,,6516
405,2026-01-05,FW,10:10,Monday,FINCH WEST FWLRT STATI,EXAC,5,17,,6500
406,2026-01-05,FW,10:14,Monday,HUMBER COLLEGE STOP,EXO,8,17,E,6511
407,2026-01-05,FW,15:38,Monday,EMERY STOP,SXPOL,8,14,W,6503
408,2026-01-05,FW,21:52,Monday,SENTINEL STOP,EXBK,12,24,W,6509
409,2026-01-06,FW,07:50,Tuesday,SENTINEL STOP,EXO,0,0,W,6500
410,2026-01-06,FW,08:56,Tuesday,MILVAN RUMIKE STOP,PXSW,0,0,E,6504
411,2026-01-06,FW,10:15,Tuesday,YORK GATE YARD,EXO,0,0,W,6505
412,2026-01-06,FW,13:20,Tuesday,HUMBER COLLEGE STOP,SXDP,44,51,W,6515
413,2026-01-06,FW,14:25,Tuesday,HANDOVER,PXSW,0,0,,0
414,2026-01-06,FW,15:05,Tuesday,HANDOVER,PXSW,15,21,,0
415,2026-01-06,FW,15:33,Tuesday,MARTIN GROVE STOP,EXHV,0,0,W,6500
416,2026-01-06,FW,15:59,Tuesday,MILVAN RUMIKE STOP,TXCC,14,20,W,6514
417,2026-01-06,FW,16:21,Tuesday,NORFINCH OAKDALE STOP,MXO,0,0,,0
418,2026-01-06,FW,16:55,Tuesday,HUMBER COLLEGE STOP,EXGA,0,0,,6514
419,2026-01-06,FW,17:14,Tuesday,DUNCANWOODS STOP,EXO,0,0,E,6517
420,2026-01-06,FW,18:13,Tuesday,HUMBER COLLEGE STOP,EXDO,16,22,E,6517
421,2026-01-07,FW,05:25,Wednesday,SENTINEL STOP,PXSAC,15,27,W,6504
422,2026-01-07,FW,05:44,Wednesday,WESTMORE STOP,PXSAC,12,24,E,6503
423,2026-01-07,FW,05:45,Wednesday,JANE FWLRT STOP,PXSAC,5,0,E,6517
424,2026-01-07,FW,05:46,Wednesday,FINCH WEST FWLRT STATI,PXSAC,9,0,W,6502
425,2026-01-07,FW,05:46,Wednesday,JANE FWLRT STOP,EXNEA,5,10,E,0
426,2026-01-07,FW,06:46,Wednesday,STEVENSON STOP,EXDO,5,12,W,6517
427,2026-01-07,FW,09:48,Wednesday,MILVAN RUMIKE STOP,MXAFR,56,65,W,6517
428,2026-01-07,FW,23:12,Wednesday,FINCH WEST HAND OFF MS,PXSW,0,0,,0
429,2026-01-08,FW,05:33,Thursday,WESTMORE STOP,EXO,8,17,E,6502
430,2026-01-08,FW,07:44,Thursday,WESTMORE STOP,EXCE,13,22,W,6507
431,2026-01-08,FW,07:48,Thursday,ALBION STOP,EXAC,9,18,W,6508
432,2026-01-08,FW,10:22,Thursday,EMERY STOP,EXTM,24,34,W,6516
433,2026-01-08,FW,10:49,Thursday,FINCH WEST FWLRT STATI,TXO,6,16,E,6515
434,2026-01-08,FW,15:05,Thursday,JANE FWLRT STOP,PXATC,10,16,E,6508
435,2026-01-08,FW,15:44,Thursday,JANE FWLRT STOP,PXSW,6,12,E,6502
436,2026-01-08,FW,21:22,Thursday,ALBION STOP,EXBK,4,11,E,6508
437,2026-01-09,FW,08:11,Friday,SIGNET ARROW STOP,TXOVS,3,9,E,6501
438,2026-01-09,FW,08:25,Friday,FINCH AND ROMFIELD- FI,SXPOL,3,9,W,6501
439,2026-01-09,FW,08:28,Friday,HUMBER COLLEGE STOP,MXTO,5,11,E,6509
440,2026-01-09,FW,13:04,Friday,EMERY STOP,MXPAA,3,9,W,6506
441,2026-01-09,FW,13:28,Friday,APROACHING NORFINCH,MXO,4,11,E,6514
442,2026-01-09,FW,15:40,Friday,MILVAN RUMIKE STOP TO,TXO,10,17,E,6514
443,2026-01-09,FW,17:01,Friday,ROWNTREE MILLS STOP,EXDO,14,20,E,6508
444,2026-01-10,FW,06:16,Saturday,WESTMORE STOP,EXAC,10,25,E,6503
445,2026-01-10,FW,07:34,Saturday,FINCH WEST FWLRT STATI,EXGA,0,0,W,6511
446,2026-01-10,FW,08:11,Saturday,FINCH WEST FWLRT STATI,EXAC,10,15,W,6513
447,2026-01-10,FW,13:32,Saturday,SIGNET ARROW STOP,EXDO,9,18,W,6507
448,2026-01-11,FW,08:32,Sunday,SENTINEL STOP,TXOVS,3,13,E,6511
449,2026-01-11,FW,12:53,Sunday,FINCH WEST FWLRT STATI,EXAC,0,0,W,6509
450,2026-01-11,FW,13:40,Sunday,EMERY STOP,MXD,0,0,E,6508
451,2026-01-11,FW,13:44,Sunday,STEVENSON STOP,EXWA,4,14,W,6506
452,2026-01-11,FW,14:33,Sunday,NORFINCH OAKDALE STOP,EXWA,5,15,E,6506
453,2026-01-11,FW,15:03,Sunday,MARTIN GROVE STOP,MXUS,10,20,W,6515
454,2026-01-11,FW,15:21,Sunday,HUMBER COLLEGE STOP,TXTO,6,16,E,6515
455,2026-01-11,FW,16:14,Sunday,SENTINEL STOP,TXTO,10,20,E,6515
456,2026-01-11,FW,17:16,Sunday,MOUNT OLIVE STOP,TXO,20,30,E,6515
457,2026-01-11,FW,17:51,Sunday,FINCH WEST FWLRT STATI,SXUEG,10,20,W,6515
458,2026-01-11,FW,19:16,Sunday,FINCH WEST FWLRT STATI,EXCE,0,0,W,6513
459,2026-01-12,FW,05:08,Monday,SIGNET ARROW STOP,PXSW,187,197,W,6513
460,2026-01-12,FW,06:00,Monday,TORONTO TRANSIT COMMIS,MXO,0,0,,0
461,2026-01-12,FW,10:59,Monday,SENTINEL STOP,TXO,3,13,W,6504
462,2026-01-12,FW,12:13,Monday,TOBERMORY STOP (APPROA,TXOVS,3,13,W,6501
463,2026-01-12,FW,12:25,Monday,WESTMORE STOP,TXO,3,13,W,6514
464,2026-01-12,FW,14:26,Monday,FINCH WEST FWLRT STATI,EXAC,7,14,W,6512
465,2026-01-12,FW,15:42,Monday,FINCH WEST FWLRT STATI,TXO,4,11,W,6501
466,2026-01-12,FW,16:27,Monday,FINCH WEST FWLRT STATI,TXO,4,11,W,6517
467,2026-01-12,FW,17:59,Monday,LINE 6,MXO,0,0,,0
468,2026-01-12,FW,19:26,Monday,NORFINCH OAKDALE STOP,SXDP,0,0,E,6516
469,2026-01-13,FW,06:02,Tuesday,FINCH WEST FWLRT LINE,EXO,0,0,,0
470,2026-01-13,FW,07:45,Tuesday,JANE FWLRT STOP,EXYRD,3,10,E,0
471,2026-01-13,FW,08:45,Tuesday,FINCH WEST FWLRT STATI,TXOVS,3,10,E,6517
472,2026-01-13,FW,09:32,Tuesday,FINCH WEST FWLRT STATI,TXOVS,3,10,E,6516
473,2026-01-13,FW,09:34,Tuesday,PEARLDALE STOP,TXO,3,10,W,6501
474,2026-01-13,FW,09:54,Tuesday,JANE FWLRT STOP,TXOVS,0,0,W,6503
475,2026-01-13,FW,10:21,Tuesday,DRIFTWOOD STOP,TXOVS,3,10,W,6517
476,2026-01-13,FW,14:16,Tuesday,JANE FWLRT STOP,PXSW,5,10,W,6517
477,2026-01-13,FW,14:28,Tuesday,MARTIN GROVE STOP,MXUS,10,20,E,6514
478,2026-01-13,FW,15:53,Tuesday,TOBERMORY STOP,PXSCR,0,0,E,6501
479,2026-01-13,FW,16:22,Tuesday,NORFINCH OAKDALE STOP,SXDP,19,29,W,6511
480,2026-01-13,FW,17:29,Tuesday,HUMBER COLLEGE STOP,EXO,5,15,E,6514
481,2026-01-13,FW,18:12,Tuesday,PEARLDALE STOP,SXDP,5,15,W,6501
482,2026-01-13,FW,18:23,Tuesday,ROWNTREE MILLS STOP,SXO,10,20,W,6502
483,2026-01-13,FW,19:28,Tuesday,TOBERMORY STOP,EXO,0,0,E,6505
484,2026-01-13,FW,20:51,Tuesday,HUMBER COLLEGE STOP,EXAC,0,0,E,6507
485,2026-01-14,FW,05:34,Wednesday,FINCH WEST FWLRT STATI,EXNEA,9,18,E,0
486,2026-01-14,FW,06:00,Wednesday,TORONTO TRANSIT COMMIS,MXO,0,0,,0
487,2026-01-14,FW,10:12,Wednesday,HUMBER COLLEGE STOP,EXO,6,15,,6502
488,2026-01-14,FW,10:41,Wednesday,FINCH WEST FWLRT STATI,MXTD,0,0,,6505
489,2026-01-14,FW,10:58,Wednesday,TOBERMORY STOP,EXBK,4,13,E,6514
490,2026-01-14,FW,14:55,Wednesday,MILVAN RUMIKE STOP,EXBK,32,39,W,6514
491,2026-01-14,FW,16:10,Wednesday,HANDOVER - HOP,EXNEA,7,14,,0
492,2026-01-14,FW,16:12,Wednesday,HANDOVER - HOP,EXNEA,7,14,,0
493,2026-01-14,FW,17:47,Wednesday,JANE FWLRT STOP,EXBK,7,14,W,6514
494,2026-01-14,FW,01:00,Wednesday,FINCH WEST FWLRT STATI,MXST,0,0,,0
495,2026-01-15,FW,04:37,Thursday,HANDOVER PLATFORMS,MXWEA,0,0,E,6502
496,2026-01-15,FW,05:19,Thursday,JANE FWLRT STOP,MXWEA,10,0,,6515
497,2026-01-15,FW,05:31,Thursday,NORFINCH OAKDALE STOP,MXWEA,10,20,W,6516
498,2026-01-15,FW,07:08,Thursday,HUMBER COLLEGE STOP,MXWEA,10,20,W,6514
499,2026-01-15,FW,07:11,Thursday,SIGNET ARROW STOP,PXDCS,10,20,E,6502
500,2026-01-15,FW,07:26,Thursday,FINCH WEST FWLRT STATI,MXWEA,6,12,W,6517
501,2026-01-15,FW,07:34,Thursday,FINCH WEST LRT,MXWEA,7,14,,6503
502,2026-01-15,FW,10:09,Thursday,JANE FWLRT STOP,EXDO,10,0,E,6502
503,2026-01-15,FW,10:35,Thursday,WESTMORE STOP,EXDO,21,0,E,6515
504,2026-01-15,FW,18:13,Thursday,NORFINCH OAKDALE STOP,MXWEA,6,12,W,0
505,2026-01-15,FW,18:19,Thursday,JANE FWLRT STOP,MXWEA,6,12,E,0
506,2026-01-15,FW,18:22,Thursday,NORFINCH OAKDALE STOP,MXWEA,6,12,W,0
507,2026-01-15,FW,18:23,Thursday,JANE FWLRT STOP,MXWEA,6,12,E,0
508,2026-01-15,FW,18:29,Thursday,JANE FWLRT STOP,MXWEA,6,12,E,0
509,2026-01-15,FW,19:10,Thursday,FINCH WEST FWLRT STATI,MXWEA,10,20,W,0
510,2026-01-15,FW,19:14,Thursday,FINCH WEST FWLRT STATI,MXWEA,10,20,W,0
511,2026-01-15,FW,19:17,Thursday,FINCH WEST FWLRT STATI,MXWEA,10,20,W,0
512,2026-01-15,FW,19:20,Thursday,FINCH WEST FWLRT STATI,MXWEA,10,20,W,0
513,2026-01-15,FW,19:22,Thursday,FINCH WEST FWLRT STATI,MXWEA,10,20,W,0
514,2026-01-15,FW,19:23,Thursday,FINCH WEST FWLRT STATI,MXWEA,10,20,W,0
515,2026-01-15,FW,19:25,Thursday,FINCH WEST FWLRT STATI,MXWEA,10,20,W,0
516,2026-01-15,FW,19:26,Thursday,FINCH WEST FWLRT STATI,MXWEA,10,20,W,0
517,2026-01-15,FW,19:29,Thursday,FINCH WEST FWLRT STATI,MXWEA,10,20,W,0
518,2026-01-15,FW,19:32,Thursday,FINCH WEST FWLRT STATI,MXWEA,10,20,W,0
519,2026-01-15,FW,19:34,Thursday,FINCH WEST FWLRT STATI,MXWEA,10,20,W,0
520,2026-01-16,FW,04:47,Friday,FINCH WEST LRT (LINE 6,MXWEA,397,404,W,6517
521,2026-01-16,FW,11:49,Friday,NORFINCH OAKDALE STOP,EXCE,10,20,W,6517
522,2026-01-16,FW,12:33,Friday,YORK GATE,PXTIS,42,50,W,6516
523,2026-01-16,FW,13:45,Friday,SENTINEL STOP,EXO,10,16,E,6514
524,2026-01-16,FW,13:58,Friday,ROWNTREE MILLS STOP,PXTIS,11,17,W,0
525,2026-01-16,FW,14:42,Friday,FINCH WEST FWLRT STATI,EXO,5,11,E,6507
526,2026-01-16,FW,15:03,Friday,HUMBER COLLEGE STOP,EXO,6,12,E,6511
527,2026-01-16,FW,15:05,Friday,NORFINCH STOP,EXNEA,6,12,W,0
528,2026-01-16,FW,15:09,Friday,TOBERMORY STOP,EXO,5,11,E,6501
529,2026-01-16,FW,15:11,Friday,JANE FWLRT STOP,EXNEA,6,12,E,0
530,2026-01-16,FW,15:18,Friday,JANE FWLRT STOP,EXNEA,6,12,E,0
531,2026-01-16,FW,15:36,Friday,FINCH WEST FWLRT STATI,EXGA,6,12,,0
532,2026-01-16,FW,16:06,Friday,FINCH WEST FWLRT STATI,EXO,4,10,,6507
533,2026-01-16,FW,16:51,Friday,FINCH WEST FWLRT STATI,EXO,3,9,E,6507
534,2026-01-16,FW,17:11,Friday,MILVAN RUMIKE STOP,MXAFR,28,34,E,6504
535,2026-01-16,FW,18:36,Friday,ROWNTREE MILLS STOP,EXO,73,79,E,6507
536,2026-01-17,FW,06:46,Saturday,MILVAN RUMIKE STOP,EXBK,10,17,W,6514
537,2026-01-17,FW,07:10,Saturday,ROWNTREE MILLS STOP,EXBK,7,14,W,6514
538,2026-01-17,FW,07:31,Saturday,FINCH WEST FWLRT STATI,EXO,7,14,W,6505
539,2026-01-17,FW,07:39,Saturday,SENTINEL STOP,EXATC,3,10,E,6509
540,2026-01-17,FW,08:11,Saturday,SENTINEL STOP,EXBK,7,14,W,6514
541,2026-01-17,FW,08:34,Saturday,JANE FWLRT STOP,EXNEA,7,14,E,6505
542,2026-01-17,FW,14:13,Saturday,FINCH WEST FWLRT STATI,EXBK,10,16,E,6511
543,2026-01-17,FW,14:25,Saturday,TOBERMORY STOP,TXTO,6,12,E,6515
544,2026-01-17,FW,15:40,Saturday,DUNCANWOODS STOP (ENTE,TXOVS,0,0,W,6505
545,2026-01-17,FW,16:01,Saturday,FINCH WEST FWLRT STATI,EXCE,10,16,E,6511
546,2026-01-17,FW,19:05,Saturday,FINCH WEST FWLRT STATI,EXCE,3,10,,6509
547,2026-01-17,FW,19:10,Saturday,FINCH WEST FWLRT STATI,TXNOA,7,14,W,6504
548,2026-01-17,FW,20:36,Saturday,FINCH WEST FWLRT STATI,EXO,3,11,E,6509
549,2026-01-17,FW,21:04,Saturday,FINCH WEST FWLRT STATI,EXO,0,0,E,6511
550,2026-01-18,FW,03:09,Sunday,FINCH WEST AND ROMFIEL,MXAFR,0,0,,0
551,2026-01-18,FW,07:42,Sunday,YORK GATE AND FINCH WE,PXTIS,7,14,W,6504
552,2026-01-18,FW,16:21,Sunday,FINCH WEST FWLRT STATI,EXO,5,14,W,6515
553,2026-01-18,FW,20:02,Sunday,MILVAN RUMIKE STOP,EXO,0,0,E,6516
554,2026-01-18,FW,20:17,Sunday,MOUNT OLIVE STOP,EXHV,0,0,W,6509
555,2026-01-19,FW,06:18,Monday,SENTINEL STOP,PXTIS,5,12,W,6503
556,2026-01-19,FW,07:45,Monday,FINCH WEST FWLRT STATI,EXNEA,7,14,,0
557,2026-01-19,FW,13:27,Monday,FINCH WEST FWLRT STATI,SXUEG,7,14,,0
558,2026-01-19,FW,14:44,Monday,NORFINCH OAKDALE STOP,PXTIS,14,21,W,6506
559,2026-01-19,FW,15:09,Monday,YORKGATE,PXMO,3,10,E,6514
560,2026-01-19,FW,16:29,Monday,HUMBER COLLEGE STOP,TXO,5,12,E,6515
561,2026-01-19,FW,16:33,Monday,HANDOVER PLATFORM,EXNEA,6,12,,0
562,2026-01-19,FW,17:13,Monday,WESTMORE STOP,TXOVS,0,0,W,6515
563,2026-01-19,FW,17:46,Monday,MILVAN RUMIKE STOP,EXHV,10,17,E,6507
564,2026-01-19,FW,17:50,Monday,MILVAN RUMIKE STOP,TXOVS,0,0,E,6515
565,2026-01-19,FW,18:40,Monday,YORKGATE,PXSO,9,0,E,6517
566,2026-01-19,FW,19:46,Monday,FINCH WEST FWLRT STATI,TXO,4,11,W,6511
567,2026-01-20,FW,04:49,Tuesday,SENTINEL STOP,PXSW,6,16,,0
568,2026-01-20,FW,05:23,Tuesday,MARTIN GROVE STOP,PXTIS,20,30,E,6517
569,2026-01-20,FW,06:52,Tuesday,MOUNT OLIVE STOP,EXO,308,318,W,6513
570,2026-01-20,FW,07:14,Tuesday,MILVAN RUMIKE STOP,PXSW,7,17,W,6516
571,2026-01-20,FW,08:06,Tuesday,MARTIN GROVE STOP,PXATC,0,0,,0
572,2026-01-20,FW,08:23,Tuesday,SENTINEL STOP,EXBK,107,117,E,6511
573,2026-01-20,FW,13:21,Tuesday,DUNCANWOODS STOP,SXO,4,14,E,6517
574,2026-01-20,FW,13:55,Tuesday,MILVAN RUMIKE STOP,EXO,0,0,E,6512
575,2026-01-20,FW,13:59,Tuesday,SENTINEL STOP,TXOS,7,16,W,6517
576,2026-01-20,FW,14:42,Tuesday,NORFINCH OAKDALE STOP,EXNEA,6,12,,0
577,2026-01-20,FW,14:47,Tuesday,NORFINCH OAKDALE STOP,EXNEA,6,12,,0
578,2026-01-20,FW,15:26,Tuesday,WESTMORE STOP,SXDP,0,0,W,6501
579,2026-01-20,FW,16:44,Tuesday,FINCH WEST FWLRT STATI,EXDO,6,12,W,6515
580,2026-01-20,FW,16:53,Tuesday,ROWNTREE MILLS STOP,MXD,0,0,E,6514
581,2026-01-20,FW,17:09,Tuesday,NORFINCH OAKDALE STOP,EXBK,64,74,W,6515
582,2026-01-20,FW,18:20,Tuesday,FINCH WEST FWLRT STATI,EXAC,0,0,W,6517
583,2026-01-20,FW,18:30,Tuesday,DRIFTWOOD STOP,SXO,0,0,E,0
584,2026-01-20,FW,21:02,Tuesday,DUNCANWOODS STOP,PXSW,6,12,W,6501
585,2026-01-20,FW,21:13,Tuesday,DRIFTWOOD STOP,TXO,0,0,E,6503
586,2026-01-20,FW,21:14,Tuesday,ALBION STOP,SXPOL,21,33,E,6507
587,2026-01-21,FW,04:08,Wednesday,HUMBER COLLEGE STOP,PXSW,0,0,,0
588,2026-01-21,FW,06:40,Wednesday,HUMBER COLLEGE STOP,EXAC,0,0,E,6504
589,2026-01-21,FW,06:48,Wednesday,JANE AND FINCH,EXNEA,7,14,E,0
590,2026-01-21,FW,07:41,Wednesday,HUMBER COLLEGE STOP,PXEO,0,0,,0
591,2026-01-21,FW,13:07,Wednesday,STEVENSON STOP,EXTM,10,20,W,6507
592,2026-01-21,FW,14:55,Wednesday,SENTINEL STOP,PXSW,44,51,E,6513
593,2026-01-21,FW,15:38,Wednesday,JANE AND FINCH,EXNEA,7,14,E,0
594,2026-01-21,FW,16:04,Wednesday,MOUNT OLIVE STOP,EXO,0,0,W,6501
595,2026-01-21,FW,16:37,Wednesday,FINCH WEST FWLRT,EXTM,7,14,E,6507
596,2026-01-21,FW,17:02,Wednesday,JANE FWLRT STOP,EXO,7,14,W,6507
597,2026-01-21,FW,17:50,Wednesday,FINCH WEST FWLRT STATI,EXBK,7,14,W,6508
598,2026-01-22,FW,04:46,Thursday,LEAVING HANDOVER,PXSW,0,0,,0
599,2026-01-22,FW,09:37,Thursday,YORKGATE,PXSW,0,0,W,6514
600,2026-01-22,FW,12:33,Thursday,FINCH WEST FWLRT STATI,EXBK,10,20,W,6512
601,2026-01-22,FW,14:44,Thursday,NORFINCH GATE,PXSW,6,12,W,6509
602,2026-01-22,FW,14:52,Thursday,NORFINCH OAKDALE STOP,EXBK,52,58,W,6503
603,2026-01-22,FW,15:41,Thursday,JANE FWLRT STOP,EXNEA,6,12,E,0
604,2026-01-22,FW,16:07,Thursday,FINCH WEST FWLRT STATI,EXCE,6,12,W,6505
605,2026-01-22,FW,18:09,Thursday,LINE 6,PXSW,50,56,,0
606,2026-01-24,FW,07:32,Saturday,FINCH WEST FWLRT STATI,EXAC,12,24,W,6504
607,2026-01-24,FW,07:38,Saturday,DUNCANWOODS STOP,EXBK,10,20,E,6505
608,2026-01-24,FW,09:15,Saturday,FINCH WEST FWLRT STATI,EXDO,5,15,E,6503
609,2026-01-24,FW,11:18,Saturday,MT. DENNIS STATION,EXBK,7,14,E,6263
610,2026-01-24,FW,14:29,Saturday,FINCH WEST FWLRT STATI,EXAC,10,20,W,6514
611,2026-01-24,FW,14:45,Saturday,FINCH WEST FWLRT STATI,EXAC,10,20,W,6517
612,2026-01-24,FW,14:48,Saturday,ALBION STOP,EXTM,52,62,E,6509
613,2026-01-24,FW,15:43,Saturday,HUMBER COLLEGE STOP,EXAC,10,20,E,6512
614,2026-01-24,FW,15:50,Saturday,FINCH WEST FWLRT STATI,EXAC,13,23,W,6504
615,2026-01-24,FW,16:43,Saturday,NORFINCH OAKDALE STOP,TXOVS,12,22,W,5611
616,2026-01-24,FW,16:52,Saturday,HUMBER COLLEGE STOP,EXDO,7,17,E,6517
617,2026-01-24,FW,18:44,Saturday,NORFINCH OAKDALE STOP,EXDO,6,16,E,6516
618,2026-01-24,FW,18:47,Saturday,HUMBER COLLEGE STOP,EXO,7,17,W,6508
619,2026-01-24,FW,19:40,Saturday,HUMBER COLLEGE STOP,EXAC,10,20,W,6516
620,2026-01-24,FW,22:07,Saturday,SIGNET ARROW STOP,EXCE,0,0,W,6511
621,2026-01-25,FW,08:52,Sunday,DUNCANWOODS STOP,EXAC,10,20,W,6506
622,2026-01-25,FW,09:12,Sunday,FINCH WEST FWLRT STATI,EXBK,10,20,W,6509
623,2026-01-25,FW,09:15,Sunday,FINCH WEST FWLRT STATI,MXO,7,14,W,6514
624,2026-01-25,FW,09:49,Sunday,FINCH WEST FWLRT STATI,EXO,7,14,W,6504
625,2026-01-25,FW,10:48,Sunday,DRIFTWOOD STOP,PXEME,8,16,E,6507
626,2026-01-25,FW,11:44,Sunday,TOBERMORY STOP,PXSW,20,30,E,6503
627,2026-01-25,FW,12:37,Sunday,YORKGATE YARD,PXSW,30,40,W,6571
628,2026-01-25,FW,12:56,Sunday,YORKGATE,PXSW,30,40,W,0
629,2026-01-25,FW,13:27,Sunday,FINCH WEST FWLRT STATI,PXSW,0,0,E,0
630,2026-01-25,FW,14:06,Sunday,HUMBER COLLEGE STOP,PXSW,10,20,,0
631,2026-01-25,FW,14:53,Sunday,HUMBER COLLEGE STOP,PXSW,0,0,,0
632,2026-01-25,FW,15:17,Sunday,HUMBER COLLEGE TO FINC,MXWEA,449,456,,0
633,2026-01-25,FW,18:12,Sunday,TOBERMORY STOP,PXSW,5,15,E,6512
634,2026-01-25,FW,18:36,Sunday,YORKGATE,EXYRD,0,0,,0
635,2026-01-25,FW,18:46,Sunday,DRIFTWOOD STOP,EXBK,10,20,E,6517
636,2026-01-25,FW,18:53,Sunday,TOBERMORY STOP,PXSW,0,0,E,0
637,2026-01-25,FW,19:44,Sunday,ALBION STOP,PXSW,0,0,E,6509
638,2026-01-25,FW,00:29,Sunday,HUMBER COLLEGE STOP,TXO,7,14,E,6508
639,2026-01-26,FW,05:45,Monday,FINCH WEST LINE 6,MXWEA,0,0,,0
640,2026-01-26,FW,05:59,Monday,FINCH AND YORK GATE,EXBK,17,27,,6516
641,2026-01-26,FW,10:01,Monday,SENTINEL STOP,EXBK,52,62,E,6504
642,2026-01-26,FW,12:36,Monday,SENTINEL STOP,EXBK,47,57,E,6504
643,2026-01-26,FW,13:52,Monday,EMERY STOP (APPROACHIN,EXBK,0,0,W,6504
644,2026-01-26,FW,14:06,Monday,NORFINCH OAKDALE STOP,EXNEA,10,20,W,0
645,2026-01-26,FW,14:22,Monday,WESTMORE STOP (APPROAC,EXBK,0,0,E,6504
646,2026-01-26,FW,14:39,Monday,PEARLDALE STOP,EXBK,0,0,E,6504
647,2026-01-26,FW,14:45,Monday,DUNCANWOODS STOP (APPR,EXBK,0,0,E,6504
648,2026-01-26,FW,14:47,Monday,HUMBER COLLEGE STOP,EXO,10,20,E,6502
649,2026-01-26,FW,14:54,Monday,NORFINCH OAKDALE STOP,EXBK,0,0,E,6504
650,2026-01-26,FW,14:59,Monday,JANE FWLRT STOP,EXNEA,10,20,E,0
651,2026-01-26,FW,15:08,Monday,FINCH WEST FWLRT STATI,EXBK,0,0,E,6504
652,2026-01-26,FW,15:08,Monday,NORFINCH OAKDALE STOP,EXNEA,10,20,W,0
653,2026-01-26,FW,15:15,Monday,HUMBER COLLEGE STOP,EXO,10,20,E,6511
654,2026-01-26,FW,15:18,Monday,JANE FWLRT STOP,EXNEA,10,20,E,0
655,2026-01-26,FW,15:23,Monday,YORKGATE,PXSW,22,32,W,6504
656,2026-01-26,FW,15:41,Monday,JANE FWLRT STOP,EXNEA,10,20,E,0
657,2026-01-26,FW,15:50,Monday,HUMBER COLLEGE STOP,EXAC,10,20,E,6503
658,2026-01-26,FW,16:25,Monday,FINCH WEST FWLRT STATI,PXSW,18,28,W,6509
659,2026-01-26,FW,16:55,Monday,FINCH WEST FWLRT STATI,EXAC,7,17,W,6503
660,2026-01-26,FW,17:15,Monday,FINCH WEST FWLRT STATI,EXO,10,20,W,6517
661,2026-01-26,FW,17:26,Monday,FINCH WEST FWLRT STATI,PXSW,43,53,W,6511
662,2026-01-26,FW,18:06,Monday,FINCH WEST FWLRT STATI,PXSW,43,53,W,6506
663,2026-01-26,FW,18:56,Monday,HUMBER COLLEGE STOP,EXO,10,20,E,6514
664,2026-01-26,FW,19:48,Monday,SENTINEL STOP,SXUEG,5,15,E,6512
665,2026-01-26,FW,20:02,Monday,DUNCANWOODS STOP,EXAC,10,20,E,6514
666,2026-01-26,FW,21:07,Monday,JANE AND FINCH STATION,MXO,0,0,W,6506
667,2026-01-26,FW,22:22,Monday,SENTINEL STOP,MXO,10,20,E,6513
668,2026-01-26,FW,22:22,Monday,SENTINEL STOP,MXO,0,0,E,6513
669,2026-01-26,FW,22:33,Monday,JANE AND FINCH FWLRT S,PXSW,22,29,W,6516
670,2026-01-27,FW,04:31,Tuesday,LINE 6 HUMBER COLLEGE,PXWZ,0,0,,0
671,2026-01-27,FW,05:08,Tuesday,SENTINEL STOP,PXWZ,10,0,W,6512
672,2026-01-27,FW,06:48,Tuesday,YORKGATE,PXTIS,24,31,E,6502
673,2026-01-27,FW,06:56,Tuesday,JANE FWLRT STOP,PXTIS,14,21,E,6507
674,2026-01-27,FW,07:56,Tuesday,HUMBER COLLEGE STOP,TXTO,5,12,E,6511
675,2026-01-27,FW,07:57,Tuesday,FINCH WEST FWLRT STATI,TXNIP,5,12,W,6501
676,2026-01-27,FW,09:04,Tuesday,FINCH WEST FWLRT STATI,EXO,10,20,W,6511
677,2026-01-27,FW,09:28,Tuesday,FINCH WEST FWLRT STATI,EXGA,5,12,,0
678,2026-01-27,FW,10:33,Tuesday,HUMBER COLLEGE STOP,EXO,10,20,E,6501
679,2026-01-27,FW,14:49,Tuesday,HANDOVER PLATFORM - FW,EXNEA,8,16,,0
680,2026-01-27,FW,15:00,Tuesday,JANE FWLRT STOP,PXSW,5,15,W,6501
681,2026-01-27,FW,16:18,Tuesday,MOUNT OLIVE STOP,EXO,5,12,W,6505
682,2026-01-27,FW,16:32,Tuesday,HUMBER COLLEGE STOP,EXAC,5,12,E,6512
683,2026-01-27,FW,17:28,Tuesday,TOBERMORY STOP,EXDO,0,0,W,6513
684,2026-01-27,FW,17:37,Tuesday,MILVAN RUMIKE STOP,EXDO,0,0,W,6506
685,2026-01-27,FW,17:43,Tuesday,HUMBER COLLEGE STOP,EXO,0,0,E,6511
686,2026-01-27,FW,17:44,Tuesday,TOBERMORY STOP,EXDO,0,0,W,6516
687,2026-01-27,FW,17:54,Tuesday,MARTIN GROVE STOP,TXOS,5,12,W,6511
688,2026-01-27,FW,18:07,Tuesday,TOBERMORY STOP,MXD,0,0,E,6514
689,2026-01-28,FW,04:08,Wednesday,NORFINCH OAKDALE STOP,PXSW,0,0,E,0
690,2026-01-28,FW,06:39,Wednesday,HUMBER COLLEGE STOP,TXO,10,20,E,6504
691,2026-01-28,FW,07:45,Wednesday,FINCH WEST FWLRT STATI,EXAC,10,20,W,6504
692,2026-01-28,FW,11:20,Wednesday,FINCH WEST FWLRT STATI,SXAP,11,13,E,6514
693,2026-01-28,FW,13:15,Wednesday,FINCH WEST FWLRT STATI,EXO,5,15,W,6505
694,2026-01-28,FW,15:47,Wednesday,HUMBER COLLEGE STOP,EXATC,10,20,E,6512
695,2026-01-28,FW,16:10,Wednesday,JANE FWLRT STOP,EXAC,7,14,W,6515
696,2026-01-28,FW,16:23,Wednesday,HUMBER COLLEGE STOP,EXAC,7,14,E,6503
697,2026-01-28,FW,17:04,Wednesday,HUMBER COLLEGE STOP,EXO,7,14,E,6511
698,2026-01-28,FW,18:42,Wednesday,FINCH WEST FWLRT STATI,SXUEG,10,20,E,6516
699,2026-01-28,FW,18:53,Wednesday,SIGNET ARROW STOP,EXO,0,0,E,6517
700,2026-01-29,FW,07:33,Thursday,FINCH WEST STATION,EXAC,4,11,W,6503
701,2026-01-29,FW,08:29,Thursday,FINCH WEST FWLRT STATI,MXO,4,11,W,6506
702,2026-01-29,FW,09:17,Thursday,MARTIN GROVE TO HUMBER,PXATC,0,0,W,6506
703,2026-01-29,FW,10:26,Thursday,FINCH WEST FWLRT STATI,EXAC,5,15,W,6504
704,2026-01-29,FW,11:34,Thursday,HUMBER COLLEGE STOP,EXDO,10,20,E,6516
705,2026-01-29,FW,12:35,Thursday,FINCH WEST FWLRT STATI,EXDO,10,10,W,6516
706,2026-01-29,FW,14:58,Thursday,DRIFTWOOD STOP,EXO,0,0,W,6501
707,2026-01-29,FW,15:20,Thursday,HUMBER COLLEGE STOP,EXAC,6,12,E,6516
708,2026-01-29,FW,19:20,Thursday,FINCH MSF LRT YARD,MXIE,0,0,,6508
709,2026-01-30,FW,05:44,Friday,WESTMORE STOP,PXSW,10,20,W,6507
710,2026-01-30,FW,06:09,Friday,HUMBER COLLEGE STOP,PXSW,10,20,W,6516
711,2026-01-30,FW,06:32,Friday,MOUNT OLIVE STOP,EXDO,5,15,E,6516
712,2026-01-30,FW,08:16,Friday,FINCH WEST FWLRT STATI,EXDO,7,14,W,6503
713,2026-01-30,FW,08:42,Friday,FINCH WEST FWLRT STATI,EXCE,7,14,W,6517
714,2026-01-30,FW,12:50,Friday,FINCH WEST FWLRT STATI,EXAC,3,9,W,6512
715,2026-01-30,FW,14:33,Friday,HUNBER COLLEGE (LEAVIN,EXBK,82,87,E,6506
716,2026-01-30,FW,15:38,Friday,JANE FWLRT STOP,EXNEA,5,10,E,0
717,2026-01-30,FW,18:52,Friday,DRIFTWOOD STOP,EXDO,6,12,W,6517
718,2026-01-30,FW,19:55,Friday,FINCH WEST FWLRT STATI,EXAC,10,16,W,6511
719,2026-01-30,FW,20:02,Friday,FINCH WEST FWLRT STATI,EXBO,6,12,,6511
720,2026-01-30,FW,20:31,Friday,TOBERMORY STOP,EXO,0,0,W,6508
721,2026-01-30,FW,22:17,Friday,ROWNTREE MILLS STOP,EXBK,49,0,W,6506
722,2026-01-31,FW,08:46,Saturday,FINCH WEST STATION,EXAC,12,24,E,6509
723,2026-01-31,FW,09:25,Saturday,HUMBER COLLEGE STOP,EXO,10,20,E,6511
724,2026-01-31,FW,12:40,Saturday,ROWNTREE MILLS STOP,EXO,4,12,E,6511
725,2026-01-31,FW,13:31,Saturday,MARTIN GROVE STOP,TXO,9,18,E,6512
726,2026-01-31,FW,14:12,Saturday,FINCH WEST FWLRT STATI,EXO,3,12,E,6511
727,2026-01-31,FW,14:35,Saturday,SENTINEL STOP,EXO,9,18,W,6511
728,2026-01-31,FW,15:54,Saturday,MOUNT OLIVE STOP,EXO,3,12,E,6501
729,2026-01-31,FW,16:52,Saturday,HUMBER COLLEGE STOP,TXOVS,0,0,W,6512
730,2026-01-31,FW,16:57,Saturday,HUMBER COLLEGE STOP,EXTR,4,13,E,6512
731,2026-01-31,FW,17:14,Saturday,SIGNET ARROW STOP,MXO,3,12,E,6517
732,2026-01-31,FW,17:20,Saturday,HUMBER COLLEGE STOP,EXDO,0,0,E,6516
733,2026-01-31,FW,17:50,Saturday,FINCH WEST FWLRT STATI,EXHV,6,15,W,6512
734,2026-01-31,FW,18:05,Saturday,STEVENSON STOP,MXD,0,0,E,6515
735,2026-01-31,FW,18:59,Saturday,MARTIN GROVE STOP,TXO,9,18,W,6512
736,2026-01-31,FW,21:57,Saturday,EMERY STOP,EXBK,30,42,W,6513
737,2026-02-01,FW,08:41,Sunday,SENTINEL STOP,EXBK,9,18,E,6505
738,2026-02-01,FW,09:23,Sunday,MILVAN RUMIKE STOP,EXO,9,18,W,6511
739,2026-02-01,FW,10:52,Sunday,SIGNET ARROW STOP,EXO,9,18,W,6511
740,2026-02-01,FW,11:53,Sunday,HUMBER COLLEGE STOP,EXAC,10,20,E,6514
741,2026-02-01,FW,12:40,Sunday,SIGNET ARROW STOP,EXAC,10,20,E,6517
742,2026-02-01,FW,16:54,Sunday,HUMBER COLLEGE STOP,EXDO,0,0,E,6516
743,2026-02-01,FW,17:16,Sunday,DRIFTWOOD STOP,EXAC,0,0,W,6501
744,2026-02-01,FW,19:19,Sunday,FINCH WEST FWLRT STATI,SXG,0,0,W,6516
745,2026-02-01,FW,20:11,Sunday,ROWNTREE MILLS STOP,EXAC,13,26,E,6512
746,2026-02-02,FW,04:57,Monday,HUMBER COLLEGE STOP,EXO,40,46,W,6513
747,2026-02-02,FW,05:47,Monday,MILVAN RUMIKE STOP,EXTM,40,46,W,6504
748,2026-02-02,FW,16:22,Monday,NORFINCH OAKDALE STOP,EXBK,30,35,E,6504
749,2026-02-02,FW,20:08,Monday,DRIFTWOOD STOP,SXAP,6,11,E,6511
750,2026-02-02,FW,20:53,Monday,DUNCANWOODS STOP,MXUS,6,15,W,6505
751,2026-02-03,FW,10:42,Tuesday,FINCH WEST FWLRT STATI,EXGA,3,15,E,0
752,2026-02-03,FW,19:52,Tuesday,FINCH WEST FWLRT STATI,EXBK,10,20,W,6513
753,2026-02-04,FW,06:00,Wednesday,TORONTO TRANSIT COMMIS,MXO,0,0,,0
754,2026-02-04,FW,08:08,Wednesday,EMERY STOP,EXDO,29,36,W,6512
755,2026-02-04,FW,10:55,Wednesday,MARTIN GROVE STOP,EXDO,0,0,W,6513
756,2026-02-04,FW,12:24,Wednesday,MOUNT OLIVE STOP,TXOS,4,11,E,6506
757,2026-02-04,FW,15:53,Wednesday,FINCH WEST FWLRT STATI,SXO,13,19,,6501
758,2026-02-04,FW,16:40,Wednesday,HUMBER COLLEGE STOP,PXSW,60,66,,6507
759,2026-02-04,FW,18:34,Wednesday,HUMBER COLLEGE STOP,PXSW,42,52,,6514
760,2026-02-04,FW,21:08,Wednesday,HUMBER COLLEGE STOP,TXO,7,19,,6513
761,2026-02-05,FW,04:32,Thursday,HUMBER COLLEGE STOP,PXSW,6,12,E,0
762,2026-02-05,FW,06:34,Thursday,HUMBER COLLEGE STOP,MXO,0,0,,0
763,2026-02-05,FW,09:19,Thursday,DUNCANWOODS STOP,EXBK,68,75,E,6505
764,2026-02-05,FW,18:33,Thursday,EMERY STOP,EXO,7,14,W,6516
765,2026-02-05,FW,19:22,Thursday,JANE FWLRT STOP,TXOVS,0,0,W,6508
766,2026-02-06,FW,09:34,Friday,ROWNTREE MILLS STOP,EXAC,10,20,E,6511
767,2026-02-06,FW,17:14,Friday,FINCH AND WESTMORE,TXPD,45,51,W,6506
768,2026-02-06,FW,21:24,Friday,HANDOVER MSF,PXSW,0,0,E,6508
769,2026-02-06,FW,22:19,Friday,JANE FWLRT STOP,MXD,0,0,E,6512
770,2026-02-06,FW,22:21,Friday,WESTON ROAD,TXOVS,0,0,E,6509
771,2026-02-07,FW,04:14,Saturday,HUMBER COLLEGE STOP,TXNCA,0,0,,0
772,2026-02-07,FW,04:53,Saturday,NORFINCH OAKDALE STOP,PXSBE,5,0,W,6513
773,2026-02-07,FW,06:08,Saturday,PEARLDALE STOP,PXSBE,5,15,W,6508
774,2026-02-07,FW,06:29,Saturday,SIGNET ARROW STOP,TXO,104,114,E,6512
775,2026-02-07,FW,08:47,Saturday,FINCH WEST FWLRT STATI,EXAC,7,14,W,6502
776,2026-02-07,FW,09:11,Saturday,FINCH WEST FWLRT STATI,EXAC,7,14,W,6506
777,2026-02-07,FW,15:27,Saturday,HUMBER COLLEGE STOP,EXO,10,20,E,6502
778,2026-02-07,FW,15:30,Saturday,MARTIN GROVE STOP,EXATC,113,123,W,6513
779,2026-02-07,FW,19:44,Saturday,FINCH WEST FWLRT STATI,EXAC,10,20,E,6513
780,2026-02-08,EC,07:26,Sunday,KENNEDY ECLRT STATION,EXTM,7,14,W,6251
781,2026-02-08,EC,07:58,Sunday,O'CONNOR STOP,EXDO,11,21,W,6273
782,2026-02-08,EC,08:16,Sunday,KEELESDALE STATION,MXO,0,0,E,6270
783,2026-02-08,EC,10:06,Sunday,CHAPLIN STATION,SXUEG,9,16,E,6245
784,2026-02-08,EC,10:07,Sunday,EGLINTON ECLRT STATION,SXUEG,6,13,E,6217
785,2026-02-08,EC,10:23,Sunday,LAIRD STATION,SXUEG,5,12,E,6219
786,2026-02-08,EC,10:29,Sunday,KENNEDY ECLRT STATION,TXATC,0,0,W,6202
787,2026-02-08,EC,10:46,Sunday,KEELESDALE STATION,EXDO,0,0,E,6264
788,2026-02-08,FW,10:47,Sunday,MILVAN RUMIKE STOP,EXO,10,20,E,6504
789,2026-02-08,EC,11:08,Sunday,OAKWOOD STATION,PXMEL,0,0,,0
790,2026-02-08,EC,11:16,Sunday,SLOANE STOP,SXUEG,0,0,W,0
791,2026-02-08,EC,11:37,Sunday,DON VALLEY STATION,MXPAA,3,10,E,6224
792,2026-02-08,FW,11:55,Sunday,FINCH WEST FWLRT STATI,EXO,10,20,W,6506
793,2026-02-08,FW,13:00,Sunday,FINCH WEST FWLRT STATI,EXO,0,0,W,6515
794,2026-02-08,EC,13:23,Sunday,KENNEDY ECLRT STATION,MXSAN,7,14,W,6270
795,2026-02-08,EC,13:24,Sunday,FAIRBANK STATION,MXPAA,0,0,W,6231
796,2026-02-08,FW,13:37,Sunday,SENTINEL STOP,EXO,0,0,S,6502
797,2026-02-08,EC,13:46,Sunday,FAIRBANK STATION,MXPAA,3,10,W,6202
798,2026-02-08,EC,13:49,Sunday,OAKWOOD STATION,MXPAA,3,10,W,6213
799,2026-02-08,FW,13:49,Sunday,STEVENSON STOP,EXO,0,0,W,6515
800,2026-02-08,EC,13:51,Sunday,CEDARVALE STATION,PXMEL,0,0,,0
801,2026-02-08,FW,13:52,Sunday,FINCH WEST FWLRT STATI,EXO,5,15,W,6513
802,2026-02-08,EC,14:06,Sunday,KEELESDALE STATION,MXPAA,3,10,E,6236
803,2026-02-08,EC,14:13,Sunday,O'CONNOR STOP,MXPAA,3,10,W,6228
804,2026-02-08,EC,14:16,Sunday,CEDARVALE STATION,MXIS,0,0,,0
805,2026-02-08,EC,14:38,Sunday,MOUNT PLEASANT STATION,MXPAA,3,10,W,6228
806,2026-02-08,FW,14:43,Sunday,DRIFTWOOD STOP,TXO,6,16,E,6515
807,2026-02-08,EC,14:52,Sunday,KEELESDALE STATION,EXO,0,0,E,6259
808,2026-02-08,FW,15:10,Sunday,SENTINEL STOP,EXO,0,0,W,6515
809,2026-02-08,EC,15:19,Sunday,OAKWOOD STATION,SXUEG,6,13,W,6221
810,2026-02-08,EC,15:25,Sunday,SUNNYBROOK PARK STOP,MXPAA,3,10,W,6240
811,2026-02-08,FW,15:48,Sunday,WESTMORE STOP,TXO,6,16,W,6515
812,2026-02-08,EC,15:53,Sunday,MOUNT PLEASANT STATION,MXPAA,3,10,W,6217
813,2026-02-08,EC,16:16,Sunday,AVENUE STATION,SXUEG,6,13,E,6226
814,2026-02-08,FW,16:50,Sunday,FINCH WEST,TXO,6,16,E,6503
815,2026-02-08,EC,16:59,Sunday,MOUNT DENNIS STATION,SXUEG,5,12,,6259
816,2026-02-08,EC,17:04,Sunday,GOLDEN MILE STOP (APPR,PXSAC,0,0,W,0
817,2026-02-08,EC,17:13,Sunday,CEDARVALE STATION,SXUEG,6,13,W,6224
818,2026-02-08,EC,17:21,Sunday,EAST OF HAKIMI STOP,MXO,20,27,E,0
819,2026-02-08,FW,18:46,Sunday,SIGNET ARROW STOP,EXAC,5,15,E,6502
820,2026-02-08,EC,18:56,Sunday,LINE 5,PXSO,0,0,,0
821,2026-02-08,EC,18:57,Sunday,LAIRD STATION,SXUEG,3,13,E,6261
822,2026-02-08,EC,19:02,Sunday,DON VALLEY STATION,SXUEG,5,17,E,6263
823,2026-02-08,FW,19:44,Sunday,HUMBER COLLEGE STOP,MXUS,7,17,W,6502
824,2026-02-08,FW,19:49,Sunday,HUMBER COLLEGE STOP,EXAC,0,0,E,6502
825,2026-02-08,EC,19:56,Sunday,GOLDEN MILE STOP (ENTE,EXO,46,56,W,6231
826,2026-02-08,EC,21:23,Sunday,KENNEDY ECLRT STATION,EXTM,15,25,W,6233
827,2026-02-08,EC,21:51,Sunday,CALEDONIA STATION,SXUEG,0,0,W,0
828,2026-02-08,FW,22:21,Sunday,DRIFTWOOD STOP,TXO,0,0,E,6509
829,2026-02-09,FW,05:16,Monday,HUMBER COLLEGE STOP,PXEO,0,0,,0
830,2026-02-09,EC,05:40,Monday,KENNEDY ECLRT STATION,EXBK,5,0,W,6212
831,2026-02-09,FW,06:43,Monday,JANE FWLRT STOP,EXNEA,7,14,E,0
832,2026-02-09,EC,06:56,Monday,FAIRBANK STATION,PXMEL,0,0,,0
833,2026-02-09,FW,07:30,Monday,HUMBER COLLEGE STOP,EXO,7,14,E,6508
834,2026-02-09,EC,07:51,Monday,CEDARVALE STATION,MXPAA,0,0,E,6267
835,2026-02-09,EC,09:05,Monday,LINE 5,PXATC,5,12,,0
836,2026-02-09,EC,09:34,Monday,MOUNT DENNIS STATION,MXTD,3,7,W,6214
837,2026-02-09,EC,09:59,Monday,KENNEDY ECLRT STATION,TXOS,0,0,E,6254
838,2026-02-09,EC,11:45,Monday,MOUNT PLEASANT STATION,SXUEG,10,17,E,6214
839,2026-02-09,EC,12:24,Monday,EGLINTON ECLRT STATION,SXUEG,5,12,E,6226
840,2026-02-09,EC,12:36,Monday,AGA KHAN PARK - MUSEUM,MXIR,46,53,E,6238
841,2026-02-09,EC,13:31,Monday,CEDARVALE STATION,TXO,0,0,E,6222
842,2026-02-09,EC,13:50,Monday,MOUNT PLEASANT STATION,MXPAA,3,10,E,6263
843,2026-02-09,EC,13:54,Monday,LEASIDE STATION,TXNCA,0,0,,0
844,2026-02-09,EC,14:32,Monday,MOUNT PLEASANT STATION,SXUEG,3,10,,0
845,2026-02-09,FW,15:18,Monday,JANE FWLRT STOP,EXNEA,5,10,E,0
846,2026-02-09,EC,15:19,Monday,OAKWOOD STATION,SXUEG,3,10,,0
847,2026-02-09,EC,15:29,Monday,MOUNT PLEASANT STATION,SXUEG,3,10,,0
848,2026-02-09,FW,15:38,Monday,FINCH WEST FWLRT STATI,EXNEA,5,10,E,0
849,2026-02-09,EC,15:45,Monday,CEDARVALE STATION,SXUEG,3,10,,0
850,2026-02-09,EC,16:10,Monday,MOUNT DENNIS STATION,EXO,7,14,E,6214
851,2026-02-09,FW,16:16,Monday,HUMBER COLLEGE STOP,MXTD,4,8,E,6513
852,2026-02-09,FW,16:28,Monday,HUMBER COLLEGE STOP (L,MXTD,0,0,,6513
853,2026-02-09,EC,17:24,Monday,GOLDEN MILE STOP,MXPAA,0,0,E,6217
854,2026-02-09,EC,17:40,Monday,FAIRBANK STATION,MXPAA,0,0,E,6252
855,2026-02-09,EC,19:47,Monday,FAIRBANK STATION,MXPAA,3,7,E,6261
856,2026-02-09,EC,20:17,Monday,KENNEDY ECLRT STATION,SXAP,0,0,,0
857,2026-02-09,FW,20:49,Monday,ROWNTREE MILLS STOP,EXO,3,9,W,6503
858,2026-02-09,EC,21:15,Monday,MOUNT DENNIS STATION,TXML,7,13,E,6239
859,2026-02-09,EC,21:42,Monday,MOUNT DENNIS STATION,TXML,10,15,E,6212
860,2026-02-09,EC,21:48,Monday,MOUNT DENNIS STATION,TXML,7,15,E,6200
861,2026-02-10,EC,05:40,Tuesday,KENNEDY ECLRT STATION,TXNIP,15,0,W,6265
862,2026-02-10,EC,06:21,Tuesday,MOUNT DENNIS STATION,EXO,4,18,E,6243
863,2026-02-10,FW,06:36,Tuesday,NORFINCH OAKDALE STOP,EXNEA,6,12,W,0
864,2026-02-10,FW,07:25,Tuesday,JANE FWLRT STOP,EXNEA,6,12,E,0
865,2026-02-10,EC,07:36,Tuesday,KEELESDALE STATION,PXSAC,4,8,E,6264
866,2026-02-10,FW,07:45,Tuesday,JANE FWLRT STOP,EXNEA,6,12,E,0
867,2026-02-10,EC,08:05,Tuesday,FOREST HILL STATION,MXPAA,0,0,E,6264
868,2026-02-10,EC,08:16,Tuesday,LEASIDE STATION,MXPAA,0,0,E,6264
869,2026-02-10,EC,08:34,Tuesday,KEELESDALE STATION,PXSAC,4,8,E,6216
870,2026-02-10,EC,08:35,Tuesday,CALEDONIA STATION,EXBK,18,22,E,6252
871,2026-02-10,EC,11:52,Tuesday,MOUNT PLEASANT STATION,EXGA,0,0,W,6236
872,2026-02-10,EC,11:53,Tuesday,LEASIDE STATION,SXUEG,5,13,W,6204
873,2026-02-10,EC,12:09,Tuesday,MOUNT PLEASANT STATION,SXUEG,10,18,E,6268
874,2026-02-10,EC,12:54,Tuesday,OAKWOOD STATION,SXUEG,12,19,W,6253
875,2026-02-10,EC,14:02,Tuesday,CEDARVALE STATION,MXPAA,4,11,W,6262
876,2026-02-10,EC,14:43,Tuesday,FOREST HILL STATION,SXUEG,4,11,W,6255
877,2026-02-10,FW,15:08,Tuesday,NORFINCH OAKDALE STOP,EXNEA,6,12,W,0
878,2026-02-10,FW,15:18,Tuesday,JANE FWLRT STOP,EXNEA,6,12,E,0
879,2026-02-10,EC,15:19,Tuesday,LAIRD STATION,MXPAA,3,9,E,6241
880,2026-02-10,EC,15:27,Tuesday,SUNNYBROOK PARK STOP,MXPAA,3,9,E,6241
881,2026-02-10,EC,15:29,Tuesday,EGLINTON ECLRT STATION,PXMEL,0,0,,0
882,2026-02-10,EC,15:37,Tuesday,GOLDEN MILE STOP,MXPAA,3,9,E,6248
883,2026-02-10,FW,15:41,Tuesday,JANE FWLRT STOP,EXNEA,6,12,E,0
884,2026-02-10,EC,15:50,Tuesday,DON VALLEY STATION,SXUEG,3,9,E,6242
885,2026-02-10,EC,16:08,Tuesday,CEDARVALE STATION,MXPAA,3,9,W,6262
886,2026-02-10,EC,17:06,Tuesday,LAIRD STATION,MXPAA,3,7,W,6228
887,2026-02-10,EC,17:24,Tuesday,GOLDEN MILE STOP,SXO,48,52,W,6263
888,2026-02-10,EC,17:46,Tuesday,FOREST HILL STATION,MXPAA,3,7,E,6254
889,2026-02-10,EC,18:15,Tuesday,LEASIDE STATION,MXPAA,3,7,E,6239
890,2026-02-10,EC,18:45,Tuesday,CEDARVALE STATION,SXUEG,4,8,E,6213
891,2026-02-10,FW,20:05,Tuesday,MILVAN RUMIKE STOP,EXATC,0,0,E,6502
892,2026-02-10,FW,20:20,Tuesday,PEARLDALE STOP,EXATC,0,0,W,6503
893,2026-02-10,FW,20:21,Tuesday,NORFINCH OAKDALE STOP,EXATC,0,0,E,6513
894,2026-02-10,EC,21:02,Tuesday,MOUNT DENNIS STATION P,EXBK,5,10,E,6255
895,2026-02-10,EC,21:27,Tuesday,MOUNT PLEASANT STATION,MXIR,22,28,E,6213
896,2026-02-10,EC,22:39,Tuesday,DON VALLEY STATION,MXIRS,0,0,,0
897,2026-02-10,EC,23:32,Tuesday,CEDARVALE STATION,MXPAA,0,0,W,6237
898,2026-02-11,EC,05:39,Wednesday,KENNEDY ECLRT STATION,EXECD,9,0,W,6259
899,2026-02-11,EC,06:47,Wednesday,KENNEDY ECLRT STATION,EXTM,4,8,W,6233
900,2026-02-11,EC,07:00,Wednesday,CALEDONIA STATION,EXO,4,8,E,6242
901,2026-02-11,EC,09:10,Wednesday,KEELESDALE STATION,MXPAA,0,0,E,6250
902,2026-02-11,EC,09:14,Wednesday,MOUNT DENNIS STATION,EXTM,4,8,E,6225
903,2026-02-11,FW,10:31,Wednesday,FINCH WEST FWLRT STATI,EXO,10,20,W,6514
904,2026-02-11,FW,11:36,Wednesday,MILVAN RUMIKE STOP,PXOV,223,229,E,6505
905,2026-02-11,EC,14:05,Wednesday,EGLINTON ECLRT STATION,MXPAA,3,10,W,6217
906,2026-02-11,EC,14:06,Wednesday,OAKWOOD STATION,SXDP,3,10,E,6206
907,2026-02-11,EC,14:14,Wednesday,LEASIDE STATION,MXPAA,3,10,E,6263
908,2026-02-11,EC,14:17,Wednesday,OAKWOOD STATION,SXUEG,7,14,E,6237
909,2026-02-11,FW,14:49,Wednesday,NORFINCH OAKDALE STOP,MXPAA,0,0,W,6517
910,2026-02-11,FW,14:49,Wednesday,NORFINCH OAKDALE STOP,PXWZ,6,12,W,6517
911,2026-02-11,EC,15:06,Wednesday,CHAPLIN STATION,SXUEG,3,10,E,6264
912,2026-02-11,FW,16:24,Wednesday,ROWNTREE MILLS STOP,MXTD,0,0,W,6508
913,2026-02-11,EC,17:16,Wednesday,EGLINTON ECLRT STATION,SXPOL,4,9,W,6255
914,2026-02-11,EC,17:21,Wednesday,WYNFORD STOP,MXPAA,3,10,W,6251
915,2026-02-11,EC,18:04,Wednesday,MOUNT PLEASANT STATION,SXUEG,4,9,W,6234
916,2026-02-11,FW,18:28,Wednesday,HUMBER COLLEGE STOP,SXUEG,106,112,W,6515
917,2026-02-11,EC,19:02,Wednesday,CHAPLIN STATION,MXPAA,3,11,E,6234
918,2026-02-11,EC,19:08,Wednesday,WYNFORD STOP,MXPAA,3,10,W,6255
919,2026-02-11,EC,20:42,Wednesday,CEDARVALE STATION,SXUEG,0,0,E,0
920,2026-02-11,EC,20:47,Wednesday,FOREST HILL STATION,EXGA,15,21,E,6221
921,2026-02-11,FW,20:50,Wednesday,DUNCANWOODS STOP,PXSW,33,39,W,6502
922,2026-02-11,EC,21:03,Wednesday,OAKWOOD STATION,SXUEG,0,0,E,6234
923,2026-02-11,FW,22:07,Wednesday,JANE FWLRT STOP,MXD,0,0,E,6509
924,2026-02-11,EC,22:42,Wednesday,CHAPLIN STATION,SXUEG,0,0,E,6220
925,2026-02-11,FW,23:22,Wednesday,MARTIN GROVE STOP,PXSW,0,0,B,0
926,2026-02-12,FW,05:34,Thursday,MARTIN GROVE STOP,EXO,64,73,E,6509
927,2026-02-12,EC,05:55,Thursday,FOREST HILL STATION,TXNCA,0,0,,0
928,2026-02-12,EC,07:13,Thursday,OAKWOOD STATION,MXPAA,0,0,E,6264
929,2026-02-12,EC,07:33,Thursday,AVENUE STATION,EXCO,7,14,E,6232
930,2026-02-12,EC,08:11,Thursday,FAIRBANK STATION,MXPAA,0,0,E,6269
931,2026-02-12,EC,09:51,Thursday,OAKWOOD STATION,MXPAA,0,0,W,6221
932,2026-02-12,FW,10:25,Thursday,EMERY STOP,MXUS,5,15,E,6505
933,2026-02-12,EC,11:28,Thursday,MOUNT DENNIS STATION,MXO,0,0,E,6273
934,2026-02-12,EC,12:53,Thursday,AVENUE STATION,SXO,3,10,E,6238
935,2026-02-12,EC,12:56,Thursday,CHAPLIN STATION,SXUEG,3,10,W,6211
936,2026-02-12,EC,13:12,Thursday,HAKIMI LEBOVIC STOP,MXPAA,3,10,W,6262
937,2026-02-12,FW,13:31,Thursday,FINCH WEST FWLRT STATI,SXUEG,6,16,W,0
938,2026-02-12,EC,13:39,Thursday,MOUNT DENNIS STATION,SXDP,0,0,,0
939,2026-02-12,EC,14:28,Thursday,HAKIMI LEBOVIC STOP,MXPAA,3,10,E,6254
940,2026-02-12,EC,15:29,Thursday,LEASIDE STATION,MXPAA,3,10,W,6221
941,2026-02-12,EC,17:19,Thursday,MOUNT PLEASANT STATION,SXUEG,5,9,W,6267
942,2026-02-12,FW,17:24,Thursday,MARTIN GROVE STOP,MXUS,6,12,W,6501
943,2026-02-12,EC,17:28,Thursday,DON VALLEY STATION,MXIRS,0,0,,0
944,2026-02-12,EC,17:35,Thursday,MOUNT DENNIS STATION,EXO,10,14,W,6267
945,2026-02-12,FW,18:21,Thursday,SENTINEL STOP,TXO,8,14,E,6515
946,2026-02-12,EC,20:33,Thursday,AVENUE STATION,MXPAA,3,10,E,6200
947,2026-02-12,EC,21:06,Thursday,AVENUE STATION,SXUEG,10,16,W,6236
948,2026-02-12,EC,22:05,Thursday,EGLINTON ECLRT STATION,MXPAA,5,10,W,6221
949,2026-02-12,EC,22:18,Thursday,CALEDONIA STATION,SXUEG,6,12,W,6221
950,2026-02-13,EC,05:40,Friday,KENNEDY ECLRT STATION,PXWZ,20,0,W,6204
951,2026-02-13,EC,06:56,Friday,CHAPLIN STATION,EXATC,4,8,E,6204
952,2026-02-13,FW,07:18,Friday,JANE FWLRT STOP,EXNEA,7,14,E,0
953,2026-02-13,EC,07:24,Friday,MOUNT DENNIS STATION,EXCE,12,16,E,6243
954,2026-02-13,EC,08:34,Friday,MOUNT DENNIS STATION,EXATC,4,8,E,6259
955,2026-02-13,EC,09:28,Friday,MOUNT DENNIS STATION,EXVE,4,8,E,6222
956,2026-02-13,EC,12:48,Friday,HAKIMI LEBOVIC STOP,PXSAC,0,0,E,6219
957,2026-02-13,FW,13:26,Friday,FINCH WEST FWLRT STATI,TXO,5,15,W,6501
958,2026-02-13,FW,13:46,Friday,HUMBER COLLEGE STOP (A,EXGA,60,66,W,6508
959,2026-02-13,EC,14:01,Friday,EGLINTON ECLRT STATION,EXGA,4,10,E,6224
960,2026-02-13,EC,14:33,Friday,CALEDONIA STATION,TXNCA,0,0,,0
961,2026-02-13,EC,14:45,Friday,EGLINTON ECLRT STATION,PXMEL,0,0,,0
962,2026-02-13,EC,15:19,Friday,OAKWOOD STATION,MXPAA,0,0,E,6265
963,2026-02-13,FW,16:12,Friday,MARTIN GROVE STOP,TXO,5,11,E,6505
964,2026-02-13,FW,16:27,Friday,MARTIN GROVE STOP,EXO,6,12,E,6511
965,2026-02-13,EC,16:57,Friday,LEASIDE STATION,MXO,0,0,,0
966,2026-02-13,EC,18:03,Friday,O'CONNOR STOP,EXATC,0,0,W,6269
967,2026-02-13,EC,18:10,Friday,MOUNT DENNIS STATION,TXO,4,8,E,6247
968,2026-02-13,EC,19:00,Friday,LAIRD STATION,EXDO,20,25,E,6251
969,2026-02-13,FW,19:13,Friday,STEVENSON STOP,SXO,12,22,W,6516
970,2026-02-13,EC,19:29,Friday,FOREST HILL STATION,EXGA,4,8,E,6226
971,2026-02-13,EC,20:55,Friday,MOUNT PLEASANT STATION,MXIS,0,0,E,0
972,2026-02-13,EC,23:00,Friday,KEELESDALE STATION,PXMO,53,61,,0
973,2026-02-13,EC,23:10,Friday,AVENUE STATION,SXUEG,21,28,W,0
974,2026-02-13,EC,23:16,Friday,SCIENCE CENTRE,SXUEG,6,14,E,6253
975,2026-02-14,EC,06:24,Saturday,MOUNT PLEASANT STATION,EXCE,0,0,E,6252
976,2026-02-14,EC,07:40,Saturday,CALEDONIA STATION,SXAP,0,0,,0
977,2026-02-14,FW,11:17,Saturday,WESTMORE STOP,EXCE,0,0,E,6503
978,2026-02-14,EC,11:41,Saturday,OAKWOOD STATION,MXIRS,0,0,,0
979,2026-02-14,EC,14:52,Saturday,MOUNT DENNIS STATION,TXOI,8,16,E,6200
980,2026-02-14,EC,16:55,Saturday,O'CONNOR STOP,EXO,0,0,W,6230
981,2026-02-14,FW,18:29,Saturday,FINCH AND YORKGATE,PXSIS,14,24,E,6502
982,2026-02-14,EC,18:31,Saturday,SLOANE STOP TO WYNFORD,PXSAC,0,0,,0
983,2026-02-14,FW,19:00,Saturday,EMERY STOP,EXO,0,0,W,6503
984,2026-02-14,EC,19:56,Saturday,AVENUE STATION,EXATC,0,0,W,6266
985,2026-02-14,FW,20:45,Saturday,HUMBER COLLEGE STOP,EXCE,0,0,E,6515
986,2026-02-14,EC,20:59,Saturday,SLOANE STOP,EXTM,0,0,W,6228
987,2026-02-14,EC,21:07,Saturday,EGLINTON ECLRT STATION,SXUEG,11,23,E,6233
988,2026-02-14,EC,21:24,Saturday,CHAPLIN STATION,SXUEG,7,19,W,6228
989,2026-02-14,EC,21:52,Saturday,SLOANE STOP,MXI,23,29,E,6233
990,2026-02-15,EC,07:30,Sunday,KENNEDY ECLRT STATION,TXNIP,13,0,W,6242
991,2026-02-15,EC,08:00,Sunday,HAKIMI LEBOVIC STOP -,PXSAC,5,15,E,0
992,2026-02-15,EC,08:00,Sunday,BIRCHMOUNT STOP,PXSAC,5,0,E,6247
993,2026-02-15,FW,12:12,Sunday,MARTIN GROVE STOP,EXO,0,0,W,6505
994,2026-02-15,EC,12:26,Sunday,SUNNYBROOK PARK STOP,PXWZ,0,0,W,6246
995,2026-02-15,FW,13:02,Sunday,ALBION STOP,EXCE,9,18,E,6508
996,2026-02-15,EC,13:03,Sunday,FAIRBANK STATION,MXO,3,10,E,6246
997,2026-02-15,FW,13:11,Sunday,PEARLDALE STOP,MXD,0,0,E,6508
998,2026-02-15,EC,15:28,Sunday,MOUNT DENNIS STATION,SXO,0,0,,0
999,2026-02-15,FW,15:38,Sunday,MARTIN GROVE STOP,TXTO,0,0,W,6505
1000,2026-02-15,EC,15:39,Sunday,CALEDONIA STATION,SXDP,3,10,W,6247
1001,2026-02-15,FW,17:11,Sunday,WESTMORE STOP,EXO,0,0,W,6505
1002,2026-02-15,EC,17:27,Sunday,LAIRD STATION,SXDP,0,0,W,6247
1003,2026-02-15,EC,17:36,Sunday,MOUNT DENNIS STATION,SXDP,3,10,W,6221
1004,2026-02-15,EC,18:38,Sunday,OAKWOOD STATION,MXIS,0,0,,0
1005,2026-02-15,EC,18:46,Sunday,EGLINTON ECLRT STATION,SXDP,0,0,W,6209
1006,2026-02-15,FW,19:11,Sunday,ROWNTREE MILLS STOP,MXD,0,0,W,6514
1007,2026-02-15,EC,19:49,Sunday,MOUNT DENNIS STATION,EXBK,14,28,E,6244
1008,2026-02-15,FW,20:09,Sunday,CALEDONIA STATION,EXBK,20,35,E,6244
1009,2026-02-15,EC,21:47,Sunday,LAIRD STATION,MXIR,17,32,W,6242
1010,2026-02-15,EC,21:49,Sunday,FOREST HILL STATION,SXO,0,0,,0
1011,2026-02-15,FW,23:43,Sunday,HUMBER COLLEGE STOP,SXUEG,0,0,,0
1012,2026-02-15,EC,00:05,Sunday,CEDARVALE STATION,SXUEG,0,0,W,0
1013,2026-02-16,EC,03:48,Monday,EGLINTON AND BIRCHMOUN,TXPD,0,0,E,0
1014,2026-02-16,EC,05:35,Monday,KENNEDY ECLRT STATION,TXO,3,0,W,6212
1015,2026-02-16,EC,06:54,Monday,AVENUE STATION,EXGA,0,0,W,6213
1016,2026-02-16,FW,08:11,Monday,HUMBER COLLEGE STOP,EXBK,7,14,E,6514
1017,2026-02-16,EC,09:17,Monday,LEASIDE STATION,MXIS,0,0,,0
1018,2026-02-16,EC,11:40,Monday,O'CONNOR STOP,PXW,0,0,W,6212
1019,2026-02-16,EC,11:48,Monday,CEDARVALE STATION,MXIS,0,0,,0
1020,2026-02-16,EC,12:29,Monday,AVENUE STATION,MXPAA,0,0,W,6268
1021,2026-02-16,EC,12:34,Monday,EGLINTON ECLRT STATION,MXIRS,0,0,,0
1022,2026-02-16,EC,13:29,Monday,FOREST HILL STATION,MXPAA,4,11,E,6241
1023,2026-02-16,EC,14:05,Monday,GOLDEN MILE STOP,MXPAA,3,11,E,6223
1024,2026-02-16,EC,14:31,Monday,GOLDEN MILE STOP,MXPAA,4,11,W,6254
1025,2026-02-16,EC,15:26,Monday,DON VALLEY STATION,SXDP,3,11,E,6252
1026,2026-02-16,EC,15:44,Monday,MOUNT PLEASANT STATION,EXO,7,14,W,6231
1027,2026-02-16,EC,16:06,Monday,EGLINTON ECLRT STATION,SXDP,0,0,,0
1028,2026-02-16,EC,17:12,Monday,AGA KHAN PARK - MUSEUM,EXO,0,0,W,6229
1029,2026-02-16,EC,17:35,Monday,OAKWOOD STATION,MXPAA,0,0,W,6246
1030,2026-02-16,EC,17:58,Monday,CALEDONIA STATION,SXDP,4,11,W,6228
1031,2026-02-16,FW,18:11,Monday,DUNCANWOODS STOP,EXTM,0,0,W,6514
1032,2026-02-16,EC,18:23,Monday,WYNFORD STOP,SXDP,3,18,E,6250
1033,2026-02-16,EC,18:31,Monday,CEDARVALE STATION,SXO,5,20,E,6228
1034,2026-02-16,FW,19:15,Monday,HUMBER COLLEGE STOP,MXO,5,15,,6500
1035,2026-02-16,FW,19:21,Monday,NORFINCH OAKDALE STOP,SXAP,6,16,W,6503
1036,2026-02-16,EC,21:03,Monday,EGLINTON ECLRT STATION,SXUEG,13,26,E,6270
1037,2026-02-16,EC,22:25,Monday,OAKWOOD STATION,MXPAA,0,0,W,6228
1038,2026-02-16,EC,22:48,Monday,FAIRBANK STATION,SXUEG,0,0,W,6241
1039,2026-02-17,FW,05:35,Tuesday,FINCH WEST FWLRT STATI,TXCSA,0,0,,0
1040,2026-02-17,EC,06:25,Tuesday,IONVIEW STOP,EXO,9,29,W,6264
1041,2026-02-17,EC,06:53,Tuesday,SLOANE STOP,EXO,20,40,W,6264
1042,2026-02-17,FW,08:07,Tuesday,SIGNET ARROW STOP,EXO,0,0,W,6505
1043,2026-02-17,EC,08:08,Tuesday,MOUNT DENNIS STATION,MXIRS,0,0,,0
1044,2026-02-17,EC,08:48,Tuesday,EGLINTON ECLRT STATION,SXUEG,5,9,E,6209
1045,2026-02-17,EC,09:20,Tuesday,KEELESDALE STATION,MXIRS,0,0,E,0
1046,2026-02-17,EC,09:46,Tuesday,KENNEDY ECLRT STATION,EXO,4,8,W,6250
1047,2026-02-17,EC,10:51,Tuesday,KENNEDY ECLRT STATION,TXATC,0,0,W,6267
1048,2026-02-17,EC,12:01,Tuesday,MOUNT PLEASANT STATION,SXUEG,3,10,W,6236
1049,2026-02-17,EC,12:04,Tuesday,CHAPLIN STATION,SXUEG,8,15,E,6222
1050,2026-02-17,FW,14:47,Tuesday,NORFINCH OAKDALE STOP,TXNIP,10,20,W,6501
1051,2026-02-17,EC,15:29,Tuesday,LAIRD STATION,SXEAS,3,8,E,6214
1052,2026-02-17,EC,15:30,Tuesday,EGLINTON ECLRT STATION,PXMEL,0,0,,0
1053,2026-02-17,EC,15:30,Tuesday,EGLINTON ECLRT STATION,MXO,0,0,,0
1054,2026-02-17,EC,16:00,Tuesday,FOREST HILL STATION,SXDP,5,10,E,6213
1055,2026-02-17,FW,16:24,Tuesday,HUMBER COLLEGE STATION,EXO,6,12,W,6505
1056,2026-02-17,EC,17:00,Tuesday,KENNEDY ECLRT STATION,TXNCA,0,0,,0
1057,2026-02-17,EC,17:06,Tuesday,O'CONNOR STOP,EXATC,5,10,E,6239
1058,2026-02-17,EC,18:04,Tuesday,MOUNT DENNIS STATION,EXBK,5,10,E,6265
1059,2026-02-17,FW,18:19,Tuesday,HUMBER COLLEGE STOP TO,TXO,6,12,W,6509
1060,2026-02-17,EC,22:36,Tuesday,EMSF,TXO,19,25,W,6265
1061,2026-02-17,EC,23:05,Tuesday,OAKWOOD STATION,SXUEG,0,0,E,0
1062,2026-02-17,EC,23:37,Tuesday,LEASIDE STATION,SXO,0,0,,0
1063,2026-02-18,FW,03:00,Wednesday,LINE 6,MXST,0,0,,0
1064,2026-02-18,EC,03:00,Wednesday,LINE 5,MXST,0,0,,0
1065,2026-02-18,FW,05:49,Wednesday,HUMBER COLLEGE STOP,MXIE,0,0,,0
1066,2026-02-18,EC,05:57,Wednesday,MOUNT DENNIS STATION,TXCC,7,14,E,0
1067,2026-02-18,FW,10:10,Wednesday,EMERY STOP,EXADD,242,252,E,6509
1068,2026-02-18,EC,10:57,Wednesday,LEASIDE STATION,SXAP,0,0,W,6236
1069,2026-02-18,FW,11:09,Wednesday,FINCH WEST FWLRT STATI,PXSW,7,14,E,0
1070,2026-02-18,FW,14:07,Wednesday,MARTIN GROVE STOP,TXOS,4,14,W,6503
1071,2026-02-18,FW,14:51,Wednesday,MOUNT OLIVE STOP,PXTIS,5,15,W,6501
1072,2026-02-18,FW,14:52,Wednesday,NORTH HANDOVER AND SOU,PXTIS,8,15,,6513
1073,2026-02-18,FW,14:58,Wednesday,FINCH WEST FWLRT STATI,PXMST,0,0,,0
1074,2026-02-18,EC,15:00,Wednesday,MOUNT DENNIS STATION,EXDO,5,10,E,6259
1075,2026-02-18,FW,15:03,Wednesday,YORK GATE,PXTIS,4,11,,6512
1076,2026-02-18,FW,15:04,Wednesday,STEVENSON STOP,TXOVS,0,0,W,6515
1077,2026-02-18,EC,15:27,Wednesday,CALEDONIA STATION,EXGA,5,10,E,6213
1078,2026-02-18,EC,15:31,Wednesday,LEASIDE STATION,EXGA,0,0,W,0
1079,2026-02-18,EC,15:46,Wednesday,GOLDEN MILE STOP,EXWS,5,10,W,6225
1080,2026-02-18,FW,16:05,Wednesday,FINCH WEST FWLRT STATI,TXNIP,5,12,W,6514
1081,2026-02-18,EC,16:10,Wednesday,EGLINTON ECLRT STATION,SXDP,0,0,,0
1082,2026-02-18,EC,16:19,Wednesday,MOUNT DENNIS STATION,MXPAA,0,0,E,6263
1083,2026-02-18,FW,17:45,Wednesday,FINCH WEST FWLRT STATI,EXAC,6,12,W,6504
1084,2026-02-18,FW,17:56,Wednesday,HUMBER COLLEGE STOP,TXO,16,23,W,6501
1085,2026-02-18,EC,18:27,Wednesday,CEDARVALE STATION,MXPAA,0,0,W,6236
1086,2026-02-18,EC,18:43,Wednesday,LEASIDE STATION,MXPAA,0,0,W,6271
1087,2026-02-18,FW,19:29,Wednesday,NORFINCH OAKDALE STOP,EXAC,10,20,E,6513
1088,2026-02-18,FW,21:06,Wednesday,PEARLDALE STOP,EXO,0,0,E,6511
1089,2026-02-18,FW,21:10,Wednesday,MARTIN GROVE STOP,EXBK,67,75,E,6503
1090,2026-02-18,FW,21:11,Wednesday,DRIFTWOOD STOP,EXCE,0,0,W,6514
1091,2026-02-18,EC,21:36,Wednesday,MOUNT DENNIS STATION,EXWA,0,0,W,6251
1092,2026-02-18,EC,22:12,Wednesday,AVENUE STATION,EXCE,0,0,W,6221
1093,2026-02-18,EC,23:11,Wednesday,MOUNT DENNIS STATION,MXI,0,0,W,6222
1094,2026-02-19,EC,02:26,Thursday,MOUNT DENNIS STATION,SXO,0,0,,0
1095,2026-02-19,EC,05:39,Thursday,KENNEDY ECLRT STATION,EXBK,0,0,W,6208
1096,2026-02-19,EC,06:39,Thursday,O'CONNOR STOP,EXTM,4,8,S,6225
1097,2026-02-19,EC,07:06,Thursday,MOUNT DENNIS STATION,TXNOA,4,8,E,0
1098,2026-02-19,EC,07:51,Thursday,MOUNT PLEASANT STATION,TXNOA,4,8,E,0
1099,2026-02-19,FW,08:11,Thursday,FINCH WEST FWLRT STATI,EXO,7,12,E,6511
1100,2026-02-19,FW,09:59,Thursday,EMERY STOP,EXO,3,14,E,6516
1101,2026-02-19,EC,12:16,Thursday,O'CONNOR STOP,MXPAA,0,0,E,6263
1102,2026-02-19,EC,12:39,Thursday,AVENUE STATION,EXGA,0,0,W,0
1103,2026-02-19,EC,13:12,Thursday,OAKWOOD STATION,EXDO,3,11,E,6228
1104,2026-02-19,EC,13:47,Thursday,AVENUE STATION,EXGA,16,24,E,6263
1105,2026-02-19,FW,14:22,Thursday,MILVAN RUMIKE STOP,EXBK,3,13,W,6514
1106,2026-02-19,EC,15:35,Thursday,KEELESDALE STATION,EXGA,7,15,W,6243
1107,2026-02-19,FW,16:18,Thursday,SENTINEL STOP,SXAP,54,61,W,6502
1108,2026-02-19,EC,16:36,Thursday,KEELESDALE STATION,EXO,7,14,E,6239
1109,2026-02-19,EC,17:23,Thursday,CEDARVALE STATION,MXPAA,3,8,W,6224
1110,2026-02-19,EC,18:22,Thursday,PHARMACY STOP,MXPAA,0,0,E,6234
1111,2026-02-19,EC,23:53,Thursday,EMSF WYE,PXSAC,0,0,,0
1112,2026-02-19,EC,01:18,Thursday,EGLINTON ECLRT STATION,SXUEG,0,0,W,0
1113,2026-02-20,EC,05:40,Friday,KENNEDYSTATION,PXMO,40,0,W,6223
1114,2026-02-20,EC,07:25,Friday,KEELESDALE STATION,SXO,20,24,E,6234
1115,2026-02-20,FW,08:02,Friday,FINCH WEST FWLRT STATI,EXHV,7,14,,6506
1116,2026-02-20,FW,08:22,Friday,FINCH WEST FWLRT STATI,EXGA,3,10,W,6506
1117,2026-02-20,FW,08:46,Friday,FINCH WEST FWLRT STATI,EXO,7,14,W,6513
1118,2026-02-20,EC,09:49,Friday,KENNEDY ECLRT STATION,MXIRS,0,0,,0
1119,2026-02-20,EC,11:55,Friday,CHAPLIN STATION,EXGA,0,0,W,0
1120,2026-02-20,EC,12:20,Friday,KENNEDY ECLRT STATION,EXGA,0,0,W,0
1121,2026-02-20,EC,13:42,Friday,KEELESDALE STATION,EXO,0,0,W,6265
1122,2026-02-20,EC,15:00,Friday,MOUNT PLEASANT STATION,EXGA,6,12,W,6267
1123,2026-02-20,EC,15:26,Friday,LEASIDE STATION,EXGA,7,13,E,6270
1124,2026-02-20,EC,15:35,Friday,FAIRBANK STATION,MXPAA,0,0,E,6239
1125,2026-02-20,FW,15:40,Friday,FINCH WEST FWLRT STATI,MXSAN,6,12,W,6516
1126,2026-02-20,EC,19:17,Friday,CEDARVALE STATION,EXGA,7,17,E,6212
1127,2026-02-20,EC,19:22,Friday,OAKWOOD STATION,EXGA,5,13,W,6211
1128,2026-02-20,FW,19:33,Friday,HUMBER COLLEGE STOP,EXO,31,38,W,6501
1129,2026-02-20,EC,20:28,Friday,KEELESDALE STATION,SXO,0,0,,0
1130,2026-02-20,FW,20:45,Friday,HUMBER COLLEGE STOP,SXUEG,5,15,E,6514
1131,2026-02-20,EC,21:20,Friday,CALEDONIA STATION,SXUEG,5,11,E,6264
1132,2026-02-20,EC,21:37,Friday,KENNEDY ECLRT STATION,EXO,0,0,W,6206
1133,2026-02-20,EC,21:40,Friday,LEASIDE STATION,SXUEG,3,9,W,6247
1134,2026-02-20,EC,21:42,Friday,CHAPLIN STATION,SXUEG,0,0,W,6247
1135,2026-02-20,EC,21:55,Friday,LEASIDE STATION,MXIR,10,16,E,6264
1136,2026-02-20,EC,22:14,Friday,FAIRBANK STATION,EXO,3,9,W,6258
1137,2026-02-20,EC,22:40,Friday,AVENUE STATION,SXUEG,13,19,E,6255
1138,2026-02-21,EC,08:13,Saturday,KENNEDY ECLRT STATION,EXDO,8,16,W,6230
1139,2026-02-21,EC,08:24,Saturday,MOUNT DENNIS STATION,EXATC,7,14,E,6233
1140,2026-02-21,EC,10:59,Saturday,IONVIEW STOP,TXATC,0,0,W,6275
1141,2026-02-21,EC,12:47,Saturday,FOREST HILL STATION,SXUEG,0,0,W,0
1142,2026-02-21,EC,13:51,Saturday,MOUNT DENNIS STATION,EXTM,8,16,E,6266
1143,2026-02-21,EC,14:10,Saturday,O'CONNOR STOP,MXPAA,0,0,W,6224
1144,2026-02-21,EC,15:34,Saturday,GOLDEN MILE STOP,MXPAA,0,0,E,6270
1145,2026-02-21,EC,15:48,Saturday,EGLINTON ECLRT STATION,SXO,6,14,W,6203
1146,2026-02-21,EC,17:04,Saturday,MOUNT PLEASANT STATION,SXO,4,12,W,6275
1147,2026-02-21,EC,19:36,Saturday,MOUNT PLEASANT STATION,SXO,7,15,W,6269
1148,2026-02-21,EC,20:00,Saturday,EGLINTON ECLRT STATION,EXGA,4,18,E,6259
1149,2026-02-21,FW,20:30,Saturday,FINCH WEST FWLRT STATI,MXO,0,0,,0
1150,2026-02-21,EC,22:55,Saturday,KENNEDY ECLRT STATION,SXUEG,0,0,W,0
1151,2026-02-21,EC,23:06,Saturday,KENNEDY ECLRT STATION,SXDP,0,0,,6208
1152,2026-02-21,EC,23:44,Saturday,FAIRBANK STATION,SXUEG,0,0,W,0
1153,2026-02-22,FW,08:18,Sunday,YORKGATE,EXO,10,20,W,6516
1154,2026-02-22,EC,12:00,Sunday,CEDARVALE STATION,MXCSA,0,0,,0
1155,2026-02-22,EC,12:10,Sunday,MOUNT PLEASANT STATION,MXIR,3,11,W,6236
1156,2026-02-22,FW,12:13,Sunday,ALBION STOP,EXCE,10,20,E,6511
1157,2026-02-22,EC,12:26,Sunday,FOREST HILL STATION,SXG,0,0,,0
1158,2026-02-22,FW,12:41,Sunday,HUMBER COLLEGE STOP,PXSW,134,144,E,6508
1159,2026-02-22,EC,12:41,Sunday,AVENUE STATION,SXUEG,6,14,E,6270
1160,2026-02-22,EC,13:13,Sunday,LEASIDE STATION,MXPAA,4,12,W,6203
1161,2026-02-22,EC,14:13,Sunday,BIRCHMOUNT STOP,MXPAA,0,0,E,6273
1162,2026-02-22,FW,14:51,Sunday,FINCH WEST FWLRT STATI,SXO,0,0,,0
1163,2026-02-22,EC,15:11,Sunday,FOREST HILL STATION,MXPAA,3,11,W,6232
1164,2026-02-22,EC,15:38,Sunday,LEASIDE STATION,MXIRS,0,0,,0
1165,2026-02-22,EC,17:15,Sunday,CALEDONIA STATION,MXPAA,0,0,W,6232
1166,2026-02-22,EC,17:18,Sunday,FOREST HILL STATION,SXUEG,3,11,E,6262
1167,2026-02-22,EC,17:33,Sunday,EGLINTON ECLRT STATION,SXUEG,3,11,E,6273
1168,2026-02-22,EC,17:45,Sunday,35 BERWICK AVE,SXO,0,0,,0
1169,2026-02-22,EC,21:09,Sunday,KEELESDALE STATION,SXUEG,3,18,E,6273
1170,2026-02-22,FW,21:13,Sunday,SENTINEL STOP,MXPAA,0,0,W,6517
1171,2026-02-22,FW,21:27,Sunday,SENTINEL STOP,SXO,0,0,W,6514
1172,2026-02-22,EC,21:38,Sunday,MOUNT DENNIS STATION,MXML,15,34,E,6226
1173,2026-02-22,EC,22:10,Sunday,MOUNT DENNIS STATION,MXML,7,22,E,6225
1174,2026-02-22,EC,22:23,Sunday,MOUNT DENNIS STATION,MXML,16,31,E,6265
1175,2026-02-22,FW,22:27,Sunday,TOBERMORY STOP,SXO,0,0,E,6500
1176,2026-02-23,FW,05:39,Monday,ALBION STOP,EXBK,39,0,E,6513
1177,2026-02-23,FW,06:30,Monday,PEARLDALE STOP (LEAVIN,EXBK,37,47,E,6513
1178,2026-02-23,FW,09:31,Monday,HUMBER COLLEGE STOP,EXDO,0,0,,6509
1179,2026-02-23,FW,11:14,Monday,HUMBER COLLEGE STOP,EXBK,10,20,,6504
1180,2026-02-23,EC,11:22,Monday,LEASIDE STATION,EXGA,4,12,E,6200
1181,2026-02-23,EC,12:10,Monday,CHAPLIN STATION,EXGA,4,12,E,6265
1182,2026-02-23,FW,13:12,Monday,HUMBER COLLEGE STOP,EXO,6,12,W,6511
1183,2026-02-23,FW,13:26,Monday,FINCH WEST FWLRT STATI,EXO,10,20,W,6506
1184,2026-02-23,EC,14:20,Monday,KEELESDALE STATION,MXPAA,3,11,W,6262
1185,2026-02-23,EC,14:46,Monday,CALEDONIA STATION,SXUEG,3,11,E,6208
1186,2026-02-23,EC,15:15,Monday,FAIRBANK STATION,MXPAA,3,11,E,6203
1187,2026-02-23,EC,15:25,Monday,SUNNYBROOK PARK STOP,MXPAA,3,11,E,6213
1188,2026-02-23,EC,15:46,Monday,CHAPLIN STATION,SXUEG,3,11,W,6219
1189,2026-02-23,FW,15:55,Monday,HUMBER COLLEGE STOP,EXO,6,12,E,6506
1190,2026-02-23,EC,15:57,Monday,HAKIMI LEBOVIC STOP,MXPAA,3,11,E,6230
1191,2026-02-23,EC,17:02,Monday,OAKWOOD STATION,MXPAA,3,7,W,6231
1192,2026-02-23,EC,17:23,Monday,OAKWOOD STATION,MXPAA,3,7,E,6202
1193,2026-02-23,EC,18:20,Monday,KENNEDY ECLRT STATION,EXO,3,11,W,6202
1194,2026-02-23,EC,21:32,Monday,MOUNT DENNIS STATION,TXML,6,12,E,6265
1195,2026-02-23,FW,21:50,Monday,FINCH WEST FWLRT STATI,PXSW,12,0,W,6516
1196,2026-02-23,FW,21:59,Monday,TOBERMORY STOP,PXSW,43,0,W,6517
1197,2026-02-23,EC,22:02,Monday,EGLINTON ECLRT STATION,MXPAA,0,0,E,6222
1198,2026-02-23,EC,22:09,Monday,MOUNT DENNIS STATION,TXML,7,19,E,6229
1199,2026-02-23,EC,22:17,Monday,MOUNT DENNIS STATION,TXML,8,15,E,6221
1200,2026-02-23,EC,22:41,Monday,LEASIDE STATION,SXO,0,0,E,0
1201,2026-02-23,EC,23:02,Monday,OAKWOOD STATION,SXUEG,0,0,E,0
1202,2026-02-24,FW,05:13,Tuesday,HUMBER COLLEGE STOP,PXSW,7,14,E,0
1203,2026-02-24,FW,06:05,Tuesday,FINCH WEST FWLRT STATI,EXDO,7,14,,6503
1204,2026-02-24,EC,06:14,Tuesday,KENNEDY ECLRT STATION,TXNOA,8,28,W,6223
1205,2026-02-24,FW,06:16,Tuesday,FINCH WEST FWLRT STATI,EXTM,7,14,E,6512
1206,2026-02-24,FW,06:17,Tuesday,HUMBER COLLEGE STOP,PXSW,7,14,E,6515
1207,2026-02-24,EC,06:31,Tuesday,KENNEDY ECLRT STATION,EXBK,20,40,W,6211
1208,2026-02-24,FW,07:17,Tuesday,JANE FWLRT STOP,PXEO,4,14,E,6508
1209,2026-02-24,EC,07:58,Tuesday,IONVIEW STOP,EXBK,9,17,W,6211
1210,2026-02-24,EC,12:21,Tuesday,GOLDEN MILE STOP,TXO,14,23,E,6236
1211,2026-02-24,EC,13:12,Tuesday,SLOANE STOP,MXPAA,0,0,E,6245
1212,2026-02-24,EC,13:14,Tuesday,KENNEDY ECLRT STATION,EXO,9,18,W,6260
1213,2026-02-24,EC,13:28,Tuesday,LEASIDE STATION,EXGA,21,31,W,6244
1214,2026-02-24,EC,14:25,Tuesday,MOUNT DENNIS STATION,EXTR,9,13,E,6244
1215,2026-02-24,EC,15:27,Tuesday,LAIRD STATION,MXPAA,3,7,E,6258
1216,2026-02-24,FW,15:38,Tuesday,JANE FWLRT STOP,EXNEA,6,12,E,0
1217,2026-02-24,EC,15:43,Tuesday,AVENUE STATION,SXO,6,10,W,6234
1218,2026-02-24,EC,16:10,Tuesday,CHAPLIN STATION,MXIS,0,0,,0
1219,2026-02-24,EC,16:52,Tuesday,MOUNT DENNIS STATION,EXO,5,10,E,6260
1220,2026-02-24,FW,17:18,Tuesday,HUMBER COLLEGE STOP,TXNIP,4,10,E,6503
1221,2026-02-24,EC,17:41,Tuesday,CALEDONIA STATION,MXGD,6,10,E,6222
1222,2026-02-24,EC,17:48,Tuesday,CALEDONIA STATION,EXO,9,16,E,6243
1223,2026-02-24,EC,18:00,Tuesday,CALEDONIA STATION,EXO,5,10,W,6235
1224,2026-02-24,EC,19:16,Tuesday,CEDARVALE STATION,MXPAA,3,7,E,6226
1225,2026-02-24,EC,19:26,Tuesday,KENNEDY ECLRT STATION,EXO,3,7,W,6225
1226,2026-02-24,EC,22:40,Tuesday,EGLINTON ECLRT STATION,SXUEG,0,0,E,6218
1227,2026-02-24,FW,22:45,Tuesday,SIGNET ARROW STOP,EXBK,0,0,E,6504
1228,2026-02-25,FW,06:11,Wednesday,JANE FWLRT STOP,MXNOA,10,20,E,6515
1229,2026-02-25,FW,06:14,Wednesday,HUMBER COLLEGE STOP,EXGA,0,0,E,6500
1230,2026-02-25,EC,08:33,Wednesday,SUNNYBROOK PARK STOP,EXADD,146,150,E,6247
1231,2026-02-25,EC,08:47,Wednesday,CALEDONIA STATION,EXO,4,8,W,6255
1232,2026-02-25,FW,09:32,Wednesday,HUMBER COLLEGE STOP,MXIRS,0,0,,0
1233,2026-02-25,EC,12:54,Wednesday,FOREST HILL STATION,SXDP,4,8,E,6232
1234,2026-02-25,FW,13:44,Wednesday,MARTIN GROVE STOP,EXBK,46,52,E,6503
1235,2026-02-25,EC,13:52,Wednesday,MOUNT DENNIS STATION,SXG,8,16,E,6226
1236,2026-02-25,EC,15:37,Wednesday,MOUNT PLEASANT STATION,SXO,8,13,E,6209
1237,2026-02-25,EC,15:42,Wednesday,AVENUE STATION,SXUEG,5,12,W,6242
1238,2026-02-25,FW,20:03,Wednesday,HUMBER COLLEGE STOP,EXGA,0,0,E,6506
1239,2026-02-25,EC,20:04,Wednesday,MOUNT DENNIS STATION,EXDO,7,14,E,6219
1240,2026-02-25,EC,21:15,Wednesday,MOUNT PLEASANT STATION,SXUEG,5,11,W,6222
1241,2026-02-25,FW,22:08,Wednesday,MOUNT OLIVE STOP,TXOVS,0,0,W,6512
1242,2026-02-25,FW,22:10,Wednesday,MOUNT OLIVE STOP,EXBK,0,0,W,6512
1243,2026-02-25,EC,23:17,Wednesday,SLOANE STOP,PXWZ,0,0,W,2633
1244,2026-02-26,EC,05:54,Thursday,LAIRD STATION,TXNCA,0,0,,0
1245,2026-02-26,EC,07:31,Thursday,KENNEDY ECLRT STATION,EXATC,0,0,W,6205
1246,2026-02-26,EC,10:25,Thursday,KEELESDALE STATION,EXGA,11,18,E,6205
1247,2026-02-26,EC,11:16,Thursday,MOUNT DENNIS STATION,MXIR,0,0,,6207
1248,2026-02-26,EC,11:39,Thursday,MOUNT DENNIS STATION,EXATC,7,14,E,6223
1249,2026-02-26,EC,12:24,Thursday,FOREST HILL STATION,SXUEG,5,12,E,0
1250,2026-02-26,EC,12:30,Thursday,EGLINTON ECLRT STATION,SXUEG,5,12,E,0
1251,2026-02-26,EC,12:44,Thursday,O'CONNOR STOP,MXPAA,4,12,E,6226
1252,2026-02-26,EC,13:57,Thursday,FOREST HILL STATION,MXNCA,0,0,,0
1253,2026-02-26,EC,14:03,Thursday,FAIRBANK STATION,MXPAA,3,8,E,6217
1254,2026-02-26,EC,14:19,Thursday,EGLINTON STATION,SXUEG,0,0,E,6226
1255,2026-02-26,EC,14:43,Thursday,CEDARVALE STATION,SXUEG,0,0,W,6228
1256,2026-02-26,FW,15:15,Thursday,HAND OVER PLATFORM,PXSW,7,14,E,6508
1257,2026-02-26,EC,15:27,Thursday,CALEDONIA STATION,MXPAA,0,0,E,6204
1258,2026-02-26,EC,15:58,Thursday,MOUNT DENNIS STATION,EXO,6,12,,6258
1259,2026-02-26,FW,17:30,Thursday,FINCH WEST FWLRT STATI,PXSW,256,268,W,6509
1260,2026-02-26,EC,17:42,Thursday,GOLDEN MILE STOP,SXUEG,0,0,W,6211
1261,2026-02-26,EC,18:00,Thursday,FOREST HILL STATION,MXPAA,0,0,E,6235
1262,2026-02-26,EC,18:01,Thursday,EGLINTON ECLRT STATION,SXO,5,10,W,6255
1263,2026-02-26,EC,18:05,Thursday,KEELESDALE STATION,MXPAA,0,0,E,6240
1264,2026-02-26,EC,19:16,Thursday,OAKWOOD STATION,TXNCA,0,0,,0
1265,2026-02-26,EC,21:40,Thursday,LEASIDE STATION,SXUEG,3,8,W,6274
1266,2026-02-26,EC,21:49,Thursday,KEELESDALE STATION,SXUEG,10,15,E,0
1267,2026-02-26,EC,21:57,Thursday,KENNEDY ECLRT STATION,PXWZ,10,15,,6224
1268,2026-02-26,EC,23:03,Thursday,CEDARVALE STATION,SXUEG,0,0,W,0
1269,2026-02-27,FW,05:30,Friday,FINCH WEST FWLRT STATI,PXSW,6,12,W,6509
1270,2026-02-27,EC,06:24,Friday,AVENUE STATION,EXATC,9,18,E,6261
1271,2026-02-27,EC,07:34,Friday,KENNEDY ECLRT STATION,EXHV,7,14,W,6255
1272,2026-02-27,FW,07:38,Friday,YORK GATE HAND OFF,TXO,0,0,E,6506
1273,2026-02-27,EC,07:57,Friday,AVENUE STATION,MXPAA,0,0,E,6254
1274,2026-02-27,FW,08:34,Friday,DRIFTWOOD STOP,EXO,6,12,W,6500
1275,2026-02-27,FW,09:30,Friday,HUMBER COLLEGE STATION,EXBK,8,16,W,6509
1276,2026-02-27,EC,09:34,Friday,CALEDONIA STATION,MXPAA,4,12,W,6233
1277,2026-02-27,EC,10:00,Friday,CEDARVALE STATION,MXCSA,0,0,,0
1278,2026-02-27,FW,10:02,Friday,SENTINEL STOP,EXO,3,9,W,6508
1279,2026-02-27,EC,11:46,Friday,FOREST HILL STATION,SXUEG,0,0,,0
1280,2026-02-27,EC,13:13,Friday,EGLINTON ECLRT STATION,SXUEG,0,0,W,6213
1281,2026-02-27,EC,13:20,Friday,MOUNT DENNIS STATION,PXMO,23,30,W,6203
1282,2026-02-27,FW,14:10,Friday,SENTINEL STOP,EXO,30,37,W,6508
1283,2026-02-27,EC,15:18,Friday,CHAPLIN STATION,SXUEG,0,0,W,6203
1284,2026-02-27,FW,15:18,Friday,JANE FWLRT STOP,PXSW,6,12,E,0
1285,2026-02-27,EC,15:20,Friday,OAKWOOD STATION,SXUEG,0,0,W,6203
1286,2026-02-27,FW,15:22,Friday,HUMBER COLLEGE STOP,EXGA,10,17,,0
1287,2026-02-27,EC,15:45,Friday,EGLINTON ECLRT STATION,MXPAA,0,0,W,6231
1288,2026-02-27,FW,16:35,Friday,FINCH WEST FWLRT STATI,MXIS,0,0,,0
1289,2026-02-27,EC,16:39,Friday,LAIRD STATION,SXUEG,0,0,W,6231
1290,2026-02-27,EC,16:39,Friday,LAIRD STATION,MXAFR,35,41,W,6231
1291,2026-02-27,EC,16:56,Friday,DON VALLEY STATION,TXOI,0,0,E,0
1292,2026-02-27,EC,17:10,Friday,CEDARVALE STATION,SXO,0,0,,6200
1293,2026-02-27,EC,17:22,Friday,CEDARVALE STATION,PXMEL,0,0,,0
1294,2026-02-27,EC,18:55,Friday,EGLINTON ECLRT STATION,SXUEG,0,0,E,0
1295,2026-02-27,FW,19:25,Friday,JANE FWLRT STOP,PXSW,6,12,E,0
1296,2026-02-27,EC,19:33,Friday,EGLINTON ECLRT STATION,EXGA,8,14,E,6240
1297,2026-02-27,FW,19:49,Friday,HUMBER COLLEGE STOP,EXBK,6,12,E,6515
1298,2026-02-27,EC,20:04,Friday,FAIRBANK STATION,SXUEG,5,13,E,0
1299,2026-02-27,EC,20:43,Friday,EGLINTON ECLRT STATION,SXO,0,0,E,6244
1300,2026-02-27,EC,21:08,Friday,CEDARVALE STATION,SXUEG,0,0,W,0
1301,2026-02-27,EC,21:13,Friday,IONVIEW STOP,EXBK,6,12,E,6231
1302,2026-02-27,EC,21:22,Friday,MOUNT DENNIS STATION,EXGA,0,0,E,6207
1303,2026-02-27,EC,21:48,Friday,GOLDEN MILE TO BIRCHMO,PXW,0,0,E,0
1304,2026-02-27,EC,21:50,Friday,LEASIDE STATION,EXGA,0,0,W,6256
1305,2026-02-27,EC,21:57,Friday,EGLINTON ECLRT STATION,SXO,9,15,E,6246
1306,2026-02-27,EC,22:08,Friday,SCIENCE CENTRE,EXGA,0,0,E,6205
1307,2026-02-27,FW,23:10,Friday,HUMBER COLLEGE STOP,MXO,0,0,,0
1308,2026-02-27,EC,23:44,Friday,MOUNT DENNIS STATION (,EXBK,0,0,W,6230
1309,2026-02-28,FW,03:36,Saturday,HUMBER COLLEGE STOP,PXEAS,0,0,,0
1310,2026-02-28,EC,04:07,Saturday,MOUNT DENNIS STATION,SXO,0,0,,0
1311,2026-02-28,EC,05:40,Saturday,KENNEDY ECLRT STATION,TXNIP,4,0,W,6243
1312,2026-02-28,FW,06:05,Saturday,SENTINEL STOP,EXBK,0,0,W,6512
1313,2026-02-28,FW,11:04,Saturday,HUMBER COLLEGE STOP,MXUS,9,18,W,6501
1314,2026-02-28,EC,11:08,Saturday,O'CONNOR STOP,MXPAA,0,0,E,6243
1315,2026-02-28,FW,11:48,Saturday,HUMBER COLLEGE STOP,EXO,0,0,E,6500
1316,2026-02-28,EC,11:58,Saturday,OAKWOOD STATION,TXO,0,0,W,6206
1317,2026-02-28,EC,12:13,Saturday,CEDARVALE STATION,SXUEG,8,16,E,0
1318,2026-02-28,EC,13:19,Saturday,KENNEDY ECLRT STATION,MXTO,3,11,E,6262
1319,2026-02-28,FW,13:32,Saturday,WESTMORE STOP,EXTM,3,9,E,6500
1320,2026-02-28,EC,14:23,Saturday,SUNNYBROOK PARK STOP,MXPAA,0,0,W,6201
1321,2026-02-28,EC,14:36,Saturday,EGLINTON ECLRT STATION,MXPAA,3,11,W,6201
1322,2026-02-28,FW,15:24,Saturday,NORFINCH OAKDALE STOP,EXBK,36,42,W,6501
1323,2026-02-28,EC,17:35,Saturday,WYNFORD STOP,MXPAA,3,11,W,6262
1324,2026-02-28,EC,18:46,Saturday,MOUNT DENNIS STATION (,EXBK,8,16,E,6263
1325,2026-02-28,EC,19:03,Saturday,FAIRBANK STATION,MXPAA,3,11,E,6213
1326,2026-02-28,FW,19:06,Saturday,FINCH WEST FWLRT STATI,EXBK,26,32,W,6516
1327,2026-02-28,EC,19:32,Saturday,KENNEDY ECLRT STATION,MXSAN,11,22,W,6223
1328,2026-02-28,EC,19:47,Saturday,FAIRBANK STATION,SXUEG,0,0,W,6235
1329,2026-02-28,EC,19:48,Saturday,CALEDONIA STATION,SXUEG,0,0,W,6235
1330,2026-02-28,FW,21:28,Saturday,FINCH WEST FWLRT STATI,EXBK,0,0,W,6511
1331,2026-02-28,EC,21:58,Saturday,AVENUE STATION,MXIS,20,35,E,6215
1332,2026-02-28,EC,22:04,Saturday,LAIRD STATION,SXUEG,0,0,E,0
1333,2026-02-28,EC,22:31,Saturday,MOUNT PLEASANT STATION,SXUEG,0,0,W,0
1334,2026-02-28,EC,23:24,Saturday,CEDARVALE STATION,MXPAA,0,0,W,6227
1335,2026-03-01,EC,07:54,Saturday,FAIRBANK STATION,PXW,8,0,E,6227
1336,2026-03-01,EC,08:49,Saturday,OAKWOOD STATION,MXIR,0,0,,0
1337,2026-03-01,FW,08:59,Saturday,SENTINEL STOP,EXO,0,0,W,6512
1338,2026-03-01,EC,12:12,Saturday,BIRCHMOUNT STOP,EXATC,8,16,E,6207
1339,2026-03-01,FW,12:15,Saturday,FINCH WEST FWLRT STATI,EXBK,10,20,W,6512
1340,2026-03-01,FW,12:32,Saturday,FINCH WEST FWLRT STATI,EXBK,10,20,W,6512
1341,2026-03-01,EC,17:09,Saturday,OAKWOOD STATION,MXO,17,25,W,6242
1342,2026-03-01,EC,17:36,Saturday,CEDARVALE STATION,TXO,10,18,W,6264
1343,2026-03-01,EC,19:11,Saturday,CALEDONIA STATION,SXUEG,3,18,W,6217
1344,2026-03-01,EC,19:33,Saturday,CEDARVALE STATION,SXUEG,3,18,E,6254
1345,2026-03-01,EC,19:40,Saturday,MOUNT PLEASANT STATION,SXUEG,0,0,E,0
1346,2026-03-01,EC,21:02,Saturday,MOUNT DENNIS STATION,TXML,8,16,E,6242
1347,2026-03-01,EC,21:49,Saturday,MOUNT DENNIS STATION,TXML,8,16,E,6218
1348,2026-03-01,EC,21:50,Saturday,CEDARVALE STATION,MXIS,0,0,,0
1349,2026-03-01,EC,22:59,Saturday,MOUNT PLEASANT STATION,SXUEG,0,0,E,0
1350,2026-03-01,EC,23:02,Saturday,KENNEDY ECLRT STATION,EXBK,33,42,W,6264
1351,2026-03-02,FW,05:08,Monday,HUMBER COLLEGE STOP,PXSW,84,92,E,0
1352,2026-03-02,EC,06:06,Monday,SLOANE STOP,PXSAC,0,0,W,0
1353,2026-03-02,EC,08:03,Monday,EGLINTON ECLRT STATION,SXDP,0,0,W,6206
1354,2026-03-02,EC,08:08,Monday,LEASIDE STATION,MXPAA,3,7,W,6213
1355,2026-03-02,EC,08:15,Monday,MOUNT DENNIS STATION,EXBK,4,8,E,6235
1356,2026-03-02,EC,08:46,Monday,MOUNT DENNIS STATION,EXDO,4,8,E,6225
1357,2026-03-02,FW,10:43,Monday,HUMBER COLLEGE STOP,PXSW,5,15,W,0
1358,2026-03-02,EC,10:45,Monday,EMSF,TXO,0,0,E,6200
1359,2026-03-02,EC,11:56,Monday,LEASIDE STATION,EXGA,8,15,W,6202
1360,2026-03-02,EC,12:54,Monday,MOUNT PLEASANT STATION,MXPAA,3,10,E,6245
1361,2026-03-02,EC,13:00,Monday,MOUNT PLEASANT STATION,MXIS,0,0,,0
1362,2026-03-02,FW,13:54,Monday,JANE FWLRT STOP APPROA,TXPD,36,45,E,6501
1363,2026-03-02,FW,14:55,Monday,TOBERMORY STOP,TXOVS,0,0,W,6515
1364,2026-03-02,EC,15:45,Monday,IONVIEW STOP,EXO,6,12,E,6253
1365,2026-03-02,EC,16:26,Monday,KEELESDALE STATION,SXUEG,0,0,W,0
1366,2026-03-02,FW,17:09,Monday,TOBERMORY STOP,TXOVS,0,0,W,6509
1367,2026-03-02,EC,17:18,Monday,O'CONNOR STOP,MXPAA,0,0,W,6243
1368,2026-03-02,EC,17:40,Monday,PHARMACY STOP,MXIR,4,10,E,6268
1369,2026-03-02,EC,17:48,Monday,SLOANE STOP,EXO,6,12,E,6219
1370,2026-03-02,FW,19:07,Monday,FWLRT HANDOVER,PXSTP,0,0,,6504
1371,2026-03-02,EC,20:14,Monday,LAIRD STATION,MXTO,3,9,W,6247
1372,2026-03-02,EC,21:00,Monday,MOUNT DENNIS STATION,TXML,6,12,E,6256
1373,2026-03-02,EC,21:33,Monday,MOUNT DENNIS STATION,MXO,6,12,E,0
1374,2026-03-02,FW,21:45,Monday,WESTMORE STOP,SXUEG,0,0,E,6512
1375,2026-03-02,EC,21:51,Monday,MOUNT DENNIS STATION,TXML,6,12,E,6214
1376,2026-03-03,FW,05:08,Tuesday,FINCH WEST-SENTINEL,PXWZ,218,223,W,6504
1377,2026-03-03,FW,06:23,Tuesday,HUMBER COLLEGE STOP,PXSW,7,17,E,6509
1378,2026-03-03,EC,06:55,Tuesday,KENNEDY ECLRT STATION,EXO,0,0,W,6204
1379,2026-03-03,EC,07:46,Tuesday,O'CONNOR STOP,EXAC,4,4,E,6205
1380,2026-03-03,FW,08:00,Tuesday,HUMBER COLLEGE STOP,EXGA,0,0,E,6506
1381,2026-03-03,FW,08:11,Tuesday,NORFINCH OAKDALE STOP,PXWZ,5,10,W,0
1382,2026-03-03,FW,08:13,Tuesday,JANE FWLRT STOP,PXWZ,5,10,E,0
1383,2026-03-03,FW,08:14,Tuesday,JANE FWLRT STOP,PXWZ,5,10,E,0
1384,2026-03-03,EC,10:36,Tuesday,MOUNT DENNIS STATION,TXCC,4,8,E,6229
1385,2026-03-03,FW,11:00,Tuesday,HUMBER COLLEGE STOP,PXSCA,5,15,E,6502
1386,2026-03-03,FW,14:45,Tuesday,JANE FWLRT STOP,MXIS,0,0,W,0
1387,2026-03-03,EC,15:25,Tuesday,CEDARVALE STATION,MXPAA,4,11,E,6218
1388,2026-03-03,EC,15:31,Tuesday,CHAPLIN STATION,SXUEG,3,10,W,6223
1389,2026-03-03,EC,15:47,Tuesday,DON VALLEY STATION,SXDP,0,0,,0
1390,2026-03-03,EC,16:39,Tuesday,KENNEDY ECLRT STATION,SXUEG,4,11,E,6260
1391,2026-03-03,FW,18:27,Tuesday,JANE AND FINCH,EXBK,11,18,W,6507
1392,2026-03-03,EC,19:06,Tuesday,AVENUE STATION,MXPAA,3,10,E,6232
1393,2026-03-03,EC,20:10,Tuesday,MOUNT DENNIS STATION,EXBK,3,10,W,6233
1394,2026-03-03,EC,20:16,Tuesday,CALEDONIA STATION,SXUEG,3,10,W,6233
1395,2026-03-03,EC,20:23,Tuesday,EGLINTON ECLRT STATION,SXUEG,4,11,E,6252
1396,2026-03-03,EC,21:13,Tuesday,KEELESDALE STATION,TXML,6,12,E,6270
1397,2026-03-03,EC,21:20,Tuesday,MOUNT DENNIS STATION,MXIS,0,0,,0
1398,2026-03-03,EC,21:41,Tuesday,MOUNT PLEASANT STATION,TXML,6,12,E,6216
1399,2026-03-03,EC,21:47,Tuesday,MOUNT DENNIS STATION,TXML,6,12,E,6256
1400,2026-03-03,EC,22:24,Tuesday,DON VALLEY STATION,MXIR,6,12,E,6242
1401,2026-03-04,EC,07:07,Wednesday,MOUNT DENNIS STATION-,EXDO,4,8,W,6253
1402,2026-03-04,EC,09:23,Wednesday,FOREST HILL STATION,MXPAA,0,0,E,6220
1403,2026-03-04,EC,09:54,Wednesday,EGLINTON ECLRT STATION,MXIS,0,0,,0
1404,2026-03-04,EC,09:55,Wednesday,HAKIMI LEBOVIC STOP,EXTM,4,8,E,6220
1405,2026-03-04,EC,13:16,Wednesday,CHAPLIN STATION,PXMST,0,0,,0
1406,2026-03-04,FW,13:29,Wednesday,DRIFTWOOD STOP,MXIR,3,12,W,6503
1407,2026-03-04,EC,13:56,Wednesday,EGLINTON ECLRT STATION,PXMEL,0,0,,0
1408,2026-03-04,FW,14:02,Wednesday,STEVENSON STOP,TXOVS,0,0,W,6502
1409,2026-03-04,EC,15:29,Wednesday,FAIRBANK STATION,MXPAA,0,0,W,6242
1410,2026-03-04,FW,17:08,Wednesday,FINCH WEST TO HUMBER C,MXUS,5,11,W,6515
1411,2026-03-04,EC,17:46,Wednesday,KEELESDALE STATION,MXPAA,0,0,W,6251
1412,2026-03-04,EC,19:02,Wednesday,LAIRD STATION,PXW,5,13,W,6214
1413,2026-03-04,EC,20:34,Wednesday,O'CONNOR STOP,MXPAA,0,0,E,6267
1414,2026-03-04,EC,21:07,Wednesday,MOUNT DENNIS STATION,TXML,6,12,E,6223
1415,2026-03-04,EC,21:12,Wednesday,MOUNT DENNIS STATION,TXML,6,12,E,6270
1416,2026-03-04,EC,21:15,Wednesday,MOUNT DENNIS STATION,TXML,6,12,E,6260
1417,2026-03-04,EC,22:01,Wednesday,EGLINTON ECLRT STATION,MXPAA,0,0,E,6225
1418,2026-03-04,EC,23:07,Wednesday,CALEDONIA STATION,SXUEG,0,0,W,6259
1419,2026-03-04,EC,23:11,Wednesday,CEDARVALE STATION,SXUEG,0,0,E,6225
1420,2026-03-05,EC,06:48,Thursday,KENNEDY ECLRT STATION,EXCE,7,19,W,6202
1421,2026-03-05,EC,06:53,Thursday,MOUNT DENNIS STATION,EXBK,4,8,E,6212
1422,2026-03-05,FW,07:15,Thursday,NORFINCH OAKDALE STOP,EXBK,5,10,W,6515
1423,2026-03-05,EC,07:45,Thursday,MOUNT PLEASANT STATION,MXPAA,0,0,E,6223
1424,2026-03-05,EC,09:36,Thursday,LAIRD STATION,MXPAA,0,0,W,6265
1425,2026-03-05,FW,11:54,Thursday,HUMBER COLLEGE STOP,MXIRS,0,0,,0
1426,2026-03-05,EC,12:52,Thursday,EGLINTON ECLRT STATION,MXPAA,3,11,W,6235
1427,2026-03-05,EC,13:47,Thursday,AVENUE STATION,SXUEG,7,15,W,6226
1428,2026-03-05,EC,14:14,Thursday,WYNFORD STOP,MXPAA,3,10,E,6230
1429,2026-03-05,EC,14:23,Thursday,FOREST HILL STATION,SXUEG,4,12,W,6230
1430,2026-03-05,EC,15:32,Thursday,CHAPLIN STATION,SXUEG,4,11,W,6231
1431,2026-03-05,EC,16:19,Thursday,AVENUE STATION,SXUEG,6,13,W,6263
1432,2026-03-05,EC,16:24,Thursday,DON VALLEY STATION,MXPAA,3,10,E,6255
1433,2026-03-05,EC,16:33,Thursday,CALEDONIA STATION,EXO,11,25,E,6248
1434,2026-03-05,EC,16:41,Thursday,LAIRD STATION,MXFS,241,247,E,6267
1435,2026-03-05,EC,17:25,Thursday,KENNEDY ECLRT STATION,SXO,0,0,,0
1436,2026-03-05,EC,17:30,Thursday,CHAPLIN STATION,SXAE,0,0,E,0
1437,2026-03-05,EC,17:42,Thursday,FAIRBANK STATION,MXPAA,0,0,W,6235
1438,2026-03-05,EC,18:22,Thursday,MOUNT DENNIS STATION,MXIS,0,0,,0
1439,2026-03-05,EC,21:44,Thursday,MOUNT DENNIS STATION,TXML,6,12,E,6217
1440,2026-03-05,EC,23:11,Thursday,MOUNT DENNIS STATION,TXML,6,12,E,6217
1441,2026-03-05,EC,23:13,Thursday,MOUNT DENNIS STATION,TXML,6,12,E,6214
1442,2026-03-06,EC,05:34,Friday,MOUNT DENNIS STATION,EXATC,5,9,W,6207
1443,2026-03-06,EC,05:56,Friday,EGLINTON ECLRT STATION,EXBK,15,0,E,6251
1444,2026-03-06,EC,07:59,Friday,KEELESDALE STATION,MXPAA,0,0,E,6214
1445,2026-03-06,FW,08:25,Friday,ROWNTREE MILLS STOP,EXBK,4,11,E,6506
1446,2026-03-06,FW,09:31,Friday,DUNCANWOODS STOP,EXBK,57,0,W,6500
1447,2026-03-06,FW,09:45,Friday,LINE 6 MSF YARD,PXSTP,0,0,,0
1448,2026-03-06,EC,10:13,Friday,O'CONNOR STOP,TXPD,119,127,W,6212
1449,2026-03-06,EC,12:32,Friday,EGLINTON ECLRT STATION,EXGA,0,0,E,0
1450,2026-03-06,EC,13:31,Friday,MOUNT PLEASANT STATION,MXIR,21,29,E,6240
1451,2026-03-06,EC,14:45,Friday,MOUNT PLEASANT STATION,MXPAA,0,0,W,6256
1452,2026-03-06,EC,15:21,Friday,MOUNT DENNIS STATION,TXNIP,4,9,E,6243
1453,2026-03-06,FW,15:24,Friday,FINCH WEST FWLRT STATI,EXADD,6,12,,6511
1454,2026-03-06,EC,15:38,Friday,LEASIDE STATION,EXGA,5,12,E,6219
1455,2026-03-06,EC,18:06,Friday,FOREST HILL STATION,MXPAA,3,8,W,6263
1456,2026-03-06,EC,20:06,Friday,KEELESDALE STATION,EXGA,3,11,E,6262
1457,2026-03-07,EC,07:10,Saturday,MOUNT PLEASANT STATION,MXPAA,3,14,E,6234
1458,2026-03-07,EC,07:26,Saturday,MOUNT DENNIS STATION,EXBK,0,0,E,6228
1459,2026-03-07,FW,07:58,Saturday,HUMBER COLLEGE STOP* G,EXGA,4,16,E,6503
1460,2026-03-07,EC,08:26,Saturday,EGLINTON ECLRT STATION,SXO,0,0,W,6257
1461,2026-03-07,FW,09:54,Saturday,JANE FWLRT STOP,EXCE,10,20,W,6513
1462,2026-03-07,EC,10:56,Saturday,EGLINTON ECLRT STATION,MXIRS,0,0,,0
1463,2026-03-07,FW,11:44,Saturday,MILVAN RUMIKE STOP,MXUS,10,20,E,6507
1464,2026-03-07,EC,12:58,Saturday,IONVIEW STOP,EXO,6,12,W,6271
1465,2026-03-07,EC,13:51,Saturday,EGLINTON ECLRT STATION,MXIRS,0,0,,0
1466,2026-03-07,FW,14:07,Saturday,MARTIN GROVE STOP,EXO,0,0,E,6501
1467,2026-03-07,EC,14:50,Saturday,LAIRD STATION,MXIE,0,0,,0
1468,2026-03-07,FW,14:55,Saturday,FINCH WEST FWLRT STATI,MXIRS,0,0,,0
1469,2026-03-07,EC,15:26,Saturday,FAIRBANK STATION,MXIE,0,0,,0
1470,2026-03-07,EC,15:56,Saturday,FOREST HILL STATION,PXMEL,0,0,,0
1471,2026-03-07,EC,15:58,Saturday,MOUNT DENNIS STATION,EXO,6,12,E,6230
1472,2026-03-07,EC,16:23,Saturday,MOUNT DENNIS STATION,MXO,6,12,,6230
1473,2026-03-07,FW,16:56,Saturday,FINCH WEST FWLRT STATI,EXGA,0,0,W,6507
1474,2026-03-07,EC,16:59,Saturday,MOUNT DENNIS STATION,EXGA,0,0,,0
1475,2026-03-07,EC,17:25,Saturday,LAIRD STATION,EXGA,6,12,E,6261
1476,2026-03-07,EC,17:27,Saturday,CEDARVALE STATION,MXPAA,3,9,E,6254
1477,2026-03-07,EC,17:36,Saturday,LAIRD STATION,MXIRS,0,0,,6233
1478,2026-03-07,EC,17:39,Saturday,O'CONNOR STOP,MXPAA,0,0,W,6214
1479,2026-03-07,EC,18:02,Saturday,CHAPLIN STATION,EXATC,6,12,E,6207
1480,2026-03-07,EC,18:57,Saturday,EGLINTON ECLRT STATION,MXPAA,3,9,E,6220
1481,2026-03-07,EC,19:20,Saturday,CEDARVALE STATION,SXO,22,29,W,6218
1482,2026-03-07,EC,19:54,Saturday,HANDOVER,TXO,0,0,W,6228
1483,2026-03-07,EC,20:09,Saturday,CEDARVALE STATION,MXIE,0,0,,0
1484,2026-03-07,EC,20:48,Saturday,BIRCHMOUNT STOP,SXPOL,6,12,E,6268
1485,2026-03-07,EC,21:04,Saturday,MOUNT PLEASANT STATION,EXGA,0,0,,0
1486,2026-03-07,EC,21:10,Saturday,KENNEDY ECLRT STATION,SXUEG,0,0,,0
1487,2026-03-07,EC,21:18,Saturday,MOUNT DENNIS STATION,TXML,15,30,E,6268
1488,2026-03-07,EC,21:34,Saturday,MOUNT DENNIS STATION,TXML,15,23,E,6263
1489,2026-03-07,EC,22:16,Saturday,HAKIMI LEBOVIC STOP,PXSW,45,51,W,6244
1490,2026-03-07,EC,22:17,Saturday,FOREST HILL STATION,SXUEG,0,0,,0
1491,2026-03-07,EC,22:31,Saturday,FOREST HILL STATION,SXUEG,5,11,E,6222
1492,2026-03-07,EC,22:43,Saturday,CEDARVALE STATION,SXUEG,0,0,,0
1493,2026-03-08,EC,08:05,Saturday,CEDARVALE STATION,SXO,0,0,E,6234
1494,2026-03-08,FW,09:44,Saturday,FINCH WEST FWLRT STATI,EXGA,0,0,E,6512
1495,2026-03-08,EC,10:06,Saturday,FOREST HILL STATION,MXO,5,13,W,6210
1496,2026-03-08,FW,10:59,Saturday,TOBERMORY STOP,EXBK,42,52,W,6504
1497,2026-03-08,FW,12:00,Saturday,YORK GATE,TXNIP,10,20,,6507
1498,2026-03-08,EC,13:01,Saturday,KENNEDY ECLRT STATION,MXTO,5,12,W,6204
1499,2026-03-08,EC,13:19,Saturday,CALEDONIA STATION,MXPAA,0,0,E,6224
1500,2026-03-08,EC,16:32,Saturday,AVENUE STATION,SXUEG,3,10,W,6250
1501,2026-03-08,EC,16:54,Saturday,SUNNYBROOK PARK STOP,MXPAA,3,10,W,6214
1502,2026-03-08,FW,17:24,Saturday,FINCH WEST FWLRT STATI,EXAC,3,13,W,6507
1503,2026-03-08,EC,17:38,Saturday,CALEDONIA STATION,SXUEG,3,10,W,6221
1504,2026-03-08,EC,18:12,Saturday,FOREST HILL STATION,SXUEG,0,0,E,0
1505,2026-03-08,EC,21:08,Saturday,MOUNT DENNIS STATION,TXML,16,32,E,6214
1506,2026-03-08,EC,21:41,Saturday,MOUNT DENNIS STATION,TXML,16,32,E,6223
1507,2026-03-08,EC,22:00,Saturday,MOUNT DENNIS STATION,TXML,16,32,E,6210
1508,2026-03-09,FW,05:46,Monday,FINCH WEST FWLRT STATI,EXBK,8,0,W,6502
1509,2026-03-09,FW,06:00,Monday,HUMBER COLLEGE STOP,TXNCA,0,0,,0
1510,2026-03-09,FW,07:47,Monday,JANE FWLRT STOP,EXCE,5,10,E,6501
1511,2026-03-09,EC,07:54,Monday,FAIRBANK STATION,MXPAA,4,8,E,6262
1512,2026-03-09,EC,08:19,Monday,KENNEDY ECLRT STATION,MXIS,0,0,,0
1513,2026-03-09,EC,09:28,Monday,LAIRD STATION,TXO,5,10,W,6250
1514,2026-03-09,FW,09:44,Monday,YORKGATE BLVD,PXTDN,5,10,W,6504
1515,2026-03-09,EC,10:21,Monday,KENNEDY ECLRT STATION,EXBK,7,14,E,6209
1516,2026-03-09,FW,11:20,Monday,FINCH WEST FWLRT STATI,TXO,8,16,W,6500
1517,2026-03-09,EC,11:28,Monday,MOUNT DENNIS STATION,EXGF,8,15,E,6233
1518,2026-03-09,EC,11:48,Monday,LEASIDE STATION,MXPAA,0,0,W,6203
1519,2026-03-09,EC,12:03,Monday,LEASIDE STATION,MXIR,5,12,E,6233
1520,2026-03-09,EC,12:10,Monday,AVENUE STATION,SXUEG,0,0,W,0
1521,2026-03-09,FW,12:45,Monday,FINCH WEST FWLRT STATI,MXIRS,9,18,,6504
1522,2026-03-09,FW,15:01,Monday,WESTMORE STOP (ENTERIN,TXOVS,0,0,E,6508
1523,2026-03-09,EC,15:28,Monday,FOREST HILL STATION,MXPAA,4,9,E,6263
1524,2026-03-09,EC,15:33,Monday,EGLINTON ECLRT STATION,SXUEG,0,0,W,6253
1525,2026-03-09,FW,15:52,Monday,FINCH WEST FWLRT STATI,EXBK,6,12,W,6508
1526,2026-03-09,EC,16:06,Monday,BIRCHMOUNT STOP,MXPAA,3,9,E,6266
1527,2026-03-09,EC,16:27,Monday,GOLDEN MILE STOP,MXPAA,3,8,E,6260
1528,2026-03-09,EC,16:35,Monday,DON VALLEY STATION,EXO,3,8,W,6208
1529,2026-03-09,FW,16:49,Monday,FINCH WEST FWLRT STATI,TXNIP,4,10,W,6513
1530,2026-03-09,FW,16:58,Monday,HUMBER COLLEGE STOP,EXBO,6,12,,6516
1531,2026-03-09,EC,17:15,Monday,CEDARVALE STATION,TXCSA,0,0,,0
1532,2026-03-09,EC,17:27,Monday,MOUNT DENNIS STATION,EXO,0,0,E,6240
1533,2026-03-09,EC,18:14,Monday,HAKIMI LEBOVIC STOP,EXOSC,0,0,W,6250
1534,2026-03-09,EC,20:16,Monday,OAKWOOD STATION,SXUEG,4,12,,0
1535,2026-03-09,EC,20:52,Monday,MOUNT DENNIS STATION,TXML,6,12,E,6210
1536,2026-03-09,EC,21:45,Monday,MOUNT DENNIS STATION,TXML,8,16,E,6204
1537,2026-03-09,EC,22:11,Monday,MOUNT DENNIS STATION,TXML,8,16,E,6246
1538,2026-03-10,EC,06:57,Tuesday,KENNEDY ECLRT STATION,EXTM,9,18,W,6214
1539,2026-03-10,EC,07:18,Tuesday,GOLDEN MILE STOP,EXTM,9,18,W,6214
1540,2026-03-10,EC,09:41,Tuesday,LEASIDE STATION,MXPAA,0,0,W,6206
1541,2026-03-10,EC,09:54,Tuesday,IONVIEW STOP,MXPAA,0,0,E,6237
1542,2026-03-10,EC,12:26,Tuesday,EGLINTON ECLRT STATION,EXGA,0,0,,0
1543,2026-03-10,EC,12:58,Tuesday,CEDARVALE STATION,EXGA,6,14,E,6257
1544,2026-03-10,EC,13:16,Tuesday,CEDARVALE STATION,EXBK,8,16,E,6257
1545,2026-03-10,EC,13:18,Tuesday,DON VALLEY STATION,EXDO,3,11,W,6228
1546,2026-03-10,EC,14:03,Tuesday,SLOANE STOP,EXO,5,13,E,6241
1547,2026-03-10,EC,14:18,Tuesday,EGLINTON ECLRT STATION,SXUEG,3,11,E,6233
1548,2026-03-10,EC,14:38,Tuesday,DON VALLEY STATION,EXGA,7,14,E,6215
1549,2026-03-10,EC,14:54,Tuesday,MOUNT PLEASANT STATION,SXDP,3,11,W,6273
1550,2026-03-10,FW,15:07,Tuesday,DRIFTWOOD STOP,MXI,13,20,W,6515
1551,2026-03-10,EC,15:20,Tuesday,MOUNT DENNIS STATION,EXO,4,12,E,6270
1552,2026-03-10,EC,15:27,Tuesday,LEASIDE STATION,EXOSC,0,0,E,6240
1553,2026-03-10,FW,17:16,Tuesday,FINCH AND YORK GATE,PXSW,17,24,W,6511
1554,2026-03-10,EC,17:27,Tuesday,FOREST HILL STATION,SXUEG,3,8,E,6270
1555,2026-03-10,EC,21:20,Tuesday,MOUNT DENNIS STATION,TXML,6,12,E,6235
1556,2026-03-10,EC,21:26,Tuesday,DON VALLEY STATION,EXGA,3,6,E,6201
1557,2026-03-10,EC,22:02,Tuesday,O'CONNOR STOP,EXBK,5,12,W,6237
1558,2026-03-10,EC,22:22,Tuesday,FAIRBANK STATION,SXUEG,0,0,E,6245
1559,2026-03-10,EC,22:23,Tuesday,LAIRD STATION,MXIR,20,27,W,6228
1560,2026-03-11,FW,06:00,Wednesday,TOBERMORY STOP,EXCE,0,0,E,6507
1561,2026-03-11,FW,06:24,Wednesday,EMERY STOP,EXBK,10,20,E,6508
1562,2026-03-11,FW,07:10,Wednesday,EMERY STOP,EXDO,5,12,W,6516
1563,2026-03-11,EC,07:10,Wednesday,AGA KHAN PARK - MUSEUM,EXATC,3,15,W,6216
1564,2026-03-11,EC,07:23,Wednesday,MOUNT PLEASANT STATION,PXMEL,0,0,,0
1565,2026-03-11,FW,07:58,Wednesday,MILVAN RUMIKE STOP,EXDO,4,11,W,6516
1566,2026-03-11,FW,07:59,Wednesday,DUNCANWOODS STOP,EXDO,4,11,W,6516
1567,2026-03-11,FW,08:04,Wednesday,PEARLDALE STOP,EXDO,4,11,W,6516
1568,2026-03-11,EC,08:05,Wednesday,AGA KHAN PARK - MUSEUM,EXCE,4,7,W,6263
1569,2026-03-11,FW,08:06,Wednesday,HUMBER COLLEGE STOP,EXDO,4,11,W,6516
1570,2026-03-11,EC,08:45,Wednesday,FAIRBANK STATION,SXUEG,8,12,E,6263
1571,2026-03-11,FW,12:32,Wednesday,FINCH WEST TO HUMBER C,MXTD,12,21,W,6509
1572,2026-03-11,EC,13:20,Wednesday,SLOANE STOP (VICTIM AT,SXAP,0,0,E,6217
1573,2026-03-11,FW,13:46,Wednesday,SENTINEL STOP,EXBK,17,26,W,6508
1574,2026-03-11,EC,13:48,Wednesday,HAKIMI LEBOVIC STOP TO,MXO,0,0,E,0
1575,2026-03-11,EC,14:30,Wednesday,CHAPLIN STATION,MXPAA,0,0,W,6217
1576,2026-03-11,EC,15:37,Wednesday,AVENUE STATION,MXPAA,0,0,W,6209
1577,2026-03-11,EC,15:42,Wednesday,FOREST HILL STATION,MXPAA,0,0,W,6261
1578,2026-03-11,EC,16:22,Wednesday,KEELESDALE STATION,TXOS,5,11,W,6206
1579,2026-03-11,FW,16:26,Wednesday,ROWNTREE MILLS STOP,EXTR,3,9,W,6507
1580,2026-03-11,FW,16:51,Wednesday,FINCH WEST FWLRT STATI,EXBK,8,14,,6504
1581,2026-03-11,EC,19:00,Wednesday,KEELESDALE STATION,MXIR,18,25,E,6245
1582,2026-03-11,EC,19:50,Wednesday,FOREST HILL STATION,SXUEG,0,0,W,0
1583,2026-03-11,EC,21:30,Wednesday,MOUNT DENNIS STATION,TXML,6,12,E,6233
1584,2026-03-11,EC,21:45,Wednesday,MOUNT DENNIS STATION,TXML,12,24,E,6246
1585,2026-03-11,EC,22:05,Wednesday,MOUNT DENNIS STATION,TXML,12,24,E,6203
1586,2026-03-12,EC,03:59,Thursday,HAND OVER,PXSW,0,0,,0
1587,2026-03-12,EC,07:21,Thursday,WYNFORD STOP,PXW,0,0,E,6253
1588,2026-03-12,FW,07:36,Thursday,FINCH WEST FWLRT STATI,EXCE,0,0,W,6505
1589,2026-03-12,EC,08:15,Thursday,FAIRBANK STATION,EXO,44,48,E,6220
1590,2026-03-12,FW,08:44,Thursday,FINCH WEST FWLRT STATI,EXBK,4,14,E,6515
1591,2026-03-12,EC,09:21,Thursday,WYNFORD STOP,EXO,5,9,E,6236
1592,2026-03-12,EC,10:17,Thursday,WYNFORD STOP,PXWZ,21,25,E,6269
1593,2026-03-12,EC,12:35,Thursday,EGLINTON ECLRT STATION,SXUEG,3,10,W,0
1594,2026-03-12,FW,14:00,Thursday,HUMBER COLLEGE STOP,TXO,4,14,E,6513
1595,2026-03-12,EC,15:22,Thursday,O'CONNOR STOP,TXO,5,13,W,6265
1596,2026-03-12,EC,15:57,Thursday,GOLDEN MILE STOP,MXPAA,4,9,W,6233
1597,2026-03-12,EC,18:31,Thursday,WYNFORD STOP,TXO,15,19,E,6247
1598,2026-03-12,EC,19:33,Thursday,DON VALLEY STATION,SXG,0,0,,0
1599,2026-03-12,FW,19:56,Thursday,DRIFTWOOD STOP,TXO,6,16,E,6517
1600,2026-03-12,EC,21:41,Thursday,KENNEDY ECLRT STATION,EXGA,6,12,W,6273
1601,2026-03-12,EC,21:55,Thursday,MOUNT DENNIS STATION,TXML,12,24,E,6201
1602,2026-03-12,EC,22:15,Thursday,MOUNT DENNIS STATION,TXML,12,24,E,6218
1603,2026-03-12,EC,22:30,Thursday,MOUNT DENNIS STATION,EXBK,0,0,E,6266
1604,2026-03-12,EC,22:37,Thursday,MOUNT DENNIS STATION,MXI,0,0,W,6255
1605,2026-03-13,EC,05:36,Friday,DON VALLEY STATION,SXG,0,0,,0
1606,2026-03-13,EC,06:08,Friday,LAIRD STATION,MXPAA,3,0,W,6227
1607,2026-03-13,EC,06:15,Friday,WYNFORD STOP,PXSAC,0,0,E,6246
1608,2026-03-13,EC,10:29,Friday,KEELESDALE STATION,MXO,0,0,W,6274
1609,2026-03-13,EC,11:13,Friday,MOUNT DENNIS STATION,PXWZ,0,0,E,0
1610,2026-03-13,EC,12:21,Friday,MOUNT PLEASANT,SXUEG,4,12,W,6238
1611,2026-03-13,EC,12:34,Friday,MOUNT PLEASANT,SXUEG,5,13,E,6275
1612,2026-03-13,FW,12:55,Friday,HUMBER COLLEGE STOP,PXSIS,3,12,W,6508
1613,2026-03-13,EC,13:02,Friday,KENNEDY ECLRT STATION,EXCE,7,14,E,6235
1614,2026-03-13,FW,13:17,Friday,HUMBER COLLEGE STOP,PXSIS,6,12,W,6516
1615,2026-03-13,EC,14:03,Friday,IONVIEW STOP,EXATC,5,12,W,6238
1616,2026-03-13,FW,14:29,Friday,MARTIN GROVE STOP,MXSAN,9,18,E,6502
1617,2026-03-13,EC,15:23,Friday,MOUNT PLEASANT STATION,SXUEG,0,0,E,0
1618,2026-03-13,EC,15:35,Friday,CEDARVALE STATION,SXUEG,0,0,W,6250
1619,2026-03-13,EC,15:54,Friday,EGLINTON ECLRT STATION,MXPAA,0,0,E,6232
1620,2026-03-13,EC,16:08,Friday,DON VALLEY STATION,SXUEG,10,14,E,6218
1621,2026-03-13,EC,16:25,Friday,DON VALLEY STATION,EXGA,4,8,E,0
1622,2026-03-13,FW,16:30,Friday,SENTINEL STOP,TXOVS,0,0,E,6512
1623,2026-03-13,EC,16:46,Friday,LEASIDE STATION,EXGA,0,0,,0
1624,2026-03-13,FW,16:46,Friday,HUMBER COLLEGE STOP,TXNCA,0,0,,0
1625,2026-03-13,EC,16:50,Friday,KENNEDY ECLRT STATION,MXIS,0,0,,0
1626,2026-03-13,EC,17:20,Friday,BIRCHMOUNT STOP,MXPAA,0,0,E,6209
1627,2026-03-13,EC,17:46,Friday,EGLINTON ECLRT STATION,SXO,4,8,W,6263
1628,2026-03-13,FW,18:17,Friday,JANE FWLRT STOP,EXBK,20,26,W,6512
1629,2026-03-13,FW,19:13,Friday,SENTINEL STOP,EXDO,10,17,W,6516
1630,2026-03-13,FW,19:31,Friday,DRIFTWOOD STOP,EXDO,7,14,W,6516
1631,2026-03-13,EC,20:15,Friday,WYNFORD STOP,EXATC,4,8,W,6206
1632,2026-03-13,FW,21:12,Friday,DRIFTWOOD STOP,MXPAA,0,0,E,6513
1633,2026-03-13,EC,21:20,Friday,MOUNT DENNIS STATION,TXML,6,12,E,6206
1634,2026-03-13,EC,21:25,Friday,WYNFORD STOP,MXI,15,0,W,6213
1635,2026-03-13,EC,21:47,Friday,AGA KHAN PARK - MUSEUM,TXO,83,89,W,6213
1636,2026-03-13,EC,21:55,Friday,MOUNT DENNIS STATION,TXML,12,24,E,6204
1637,2026-03-13,EC,22:20,Friday,MOUNT DENNIS STATION,TXML,12,24,E,6223
1638,2026-03-13,EC,22:35,Friday,KENNEDY ECLRT STATION,EXO,6,12,W,6219
1639,2026-03-13,EC,23:02,Friday,OAKWOOD STATION,MXO,25,0,W,6227
1640,2026-03-14,EC,05:59,Saturday,KENNEDY ECLRT STATION,EXADD,32,52,W,6203
1641,2026-03-14,EC,06:19,Saturday,KENNEDY ECLRT STATION,MXO,20,35,W,6268
1642,2026-03-14,FW,07:54,Saturday,MARTIN GROVE STOP,EXO,0,0,E,6503
1643,2026-03-14,FW,08:36,Saturday,ROWNTREE MILLS STOP,EXAC,0,0,W,6502
1644,2026-03-14,EC,09:30,Saturday,O'CONNOR STOP,MXSAN,4,12,E,6244
1645,2026-03-14,EC,11:14,Saturday,IONVIEW STOP,MXPAA,3,8,W,6268
1646,2026-03-14,EC,11:23,Saturday,BIRCHMOUNT STOP,MXO,4,12,W,6268
1647,2026-03-14,EC,11:43,Saturday,PHARMACY STOP,EXBK,0,0,W,6269
1648,2026-03-14,EC,14:09,Saturday,MOUNT PLEASANT STATION,MXPAA,3,10,E,6224
1649,2026-03-14,EC,15:00,Saturday,SUNNYBROOK PARK STOP,MXPAA,3,10,E,6225
1650,2026-03-14,EC,15:34,Saturday,CEDARVALE STATION,SXUEG,0,0,E,0
1651,2026-03-14,EC,16:27,Saturday,EGLINTON ECLRT STATION,SXUEG,0,0,W,6200
1652,2026-03-14,EC,16:36,Saturday,AGA KHAN PARK - MUSEUM,MXAFR,10,17,W,6208
1653,2026-03-14,EC,16:41,Saturday,LAIRD STATION,SXUEG,0,0,W,0
1654,2026-03-14,EC,16:50,Saturday,CEDARVALE STATION,SXUEG,0,0,W,0
1655,2026-03-14,FW,18:00,Saturday,HUMBER COLLEGE STOP,MXSAN,10,20,E,6511
1656,2026-03-14,EC,18:17,Saturday,KENNEDY ECLRT STATION,TXOI,0,0,E,6208
1657,2026-03-14,FW,18:20,Saturday,STEVENSON STOP,EXCE,0,0,E,6508
1658,2026-03-14,EC,18:36,Saturday,CALEDONIA STATION,SXUEG,0,0,,0
1659,2026-03-14,EC,20:34,Saturday,LAIRD STATION,SXUEG,0,0,W,6237
1660,2026-03-14,EC,21:27,Saturday,CEDARVALE STATION,SXO,0,0,,0
1661,2026-03-14,FW,22:03,Saturday,FINCH WEST FWLRT STATI,MXIS,0,0,,0
1662,2026-03-14,EC,22:25,Saturday,MOUNT DENNIS STATION (,EXBK,0,0,E,6225
1663,2026-03-14,EC,22:45,Saturday,LAIRD STATION,SXUEG,0,0,,0
1664,2026-03-15,EC,07:25,Saturday,KEELESDALE STATION,SXUEG,0,0,W,0
1665,2026-03-15,EC,11:05,Saturday,KENNEDY ECLRT STATION,SXUEG,0,0,E,6231
1666,2026-03-15,EC,13:02,Saturday,LEASIDE STATION,MXPAA,3,10,W,6256
1667,2026-03-15,EC,17:21,Saturday,MOUNT DENNIS STATION,EXBK,7,14,E,6217
1668,2026-03-15,EC,18:35,Saturday,EGLINTON ECLRT STATION,SXUEG,0,0,W,0
1669,2026-03-15,EC,19:31,Saturday,MOUNT PLEASANT STATION,SXUEG,10,18,E,6252
1670,2026-03-15,EC,20:26,Saturday,CEDARVALE STATION,SXUEG,10,18,W,62
1671,2026-03-15,EC,21:57,Saturday,EGLINTON ECLRT STATION,SXUEG,0,0,E,6237
1672,2026-03-15,EC,22:14,Saturday,LEASIDE STATION,MXIR,14,22,E,6213
1673,2026-03-15,EC,22:33,Saturday,EGLINTON ECLRT STATION,SXUEG,0,0,E,6236
1674,2026-03-15,FW,23:12,Saturday,SIGNET ARROW STOP,PXSW,40,52,W,6514
1675,2026-03-16,EC,06:26,Monday,MOUNT DENNIS STATION,EXGA,5,10,E,6206
1676,2026-03-16,EC,07:36,Monday,KENNEDY STATION,EXCE,4,8,W,6222
1677,2026-03-16,EC,09:36,Monday,DON VALLEY STATION,EXBK,40,44,E,6213
1678,2026-03-16,EC,12:40,Monday,FAIRBANK STATION,EXO,7,14,E,6204
1679,2026-03-16,FW,15:12,Monday,MILVAN RUMIKE STOP (AP,TXOVS,0,0,W,6505
1680,2026-03-16,FW,15:31,Monday,HUMBER COLLEGE STOP,TXOVS,0,0,W,6512
1681,2026-03-16,FW,15:45,Monday,JANE FWLRT STOP,TXO,0,0,E,6502
1682,2026-03-16,EC,16:01,Monday,EGLINTON ECLRT STATION,SXUEG,4,9,W,6251
1683,2026-03-16,EC,16:04,Monday,SUNNYBROOK PARK STOP,EXO,5,10,E,6202
1684,2026-03-16,EC,16:07,Monday,AVENUE STATION,EXO,5,10,W,6251
1685,2026-03-16,FW,16:12,Monday,SCADA,PXSCA,0,0,,0
1686,2026-03-16,EC,17:15,Monday,FAIRBANK STATION,SXUEG,0,0,E,6239
1687,2026-03-16,EC,18:46,Monday,BIRCHMOUNT STOP,MXPAA,4,9,E,6261
1688,2026-03-16,FW,18:48,Monday,FINCH WEST FWLRT STATI,EXGA,0,0,,6515
1689,2026-03-16,EC,21:34,Monday,MOUNT DENNIS STATION,EXO,7,14,E,6222
1690,2026-03-16,EC,21:41,Monday,MOUNT DENNIS STATION,EXO,7,14,E,6258
1691,2026-03-16,EC,21:43,Monday,MOUNT DENNIS STATION,EXO,7,14,E,6212
1692,2026-03-16,FW,23:59,Monday,TOBERMORY STOP,MXD,0,0,W,6501
1693,2026-03-17,FW,05:17,Tuesday,HUMBER COLLEGE STOP,EXHV,14,28,E,6516
1694,2026-03-17,EC,06:00,Tuesday,TORONTO TRANSIT COMMIS,MXO,0,0,,0
1695,2026-03-17,FW,06:00,Tuesday,TORONTO TRANSIT COMMIS,MXO,0,0,,0
1696,2026-03-17,EC,07:46,Tuesday,MOUNT DENNIS STATION,SXDP,0,0,,0
1697,2026-03-17,FW,08:23,Tuesday,HUMBER COLLEGE STOP,EXBK,6,12,E,6509
1698,2026-03-17,EC,08:37,Tuesday,GOLDEN MILE STOP,MXAFR,53,57,W,6226
1699,2026-03-17,FW,11:10,Tuesday,HUMBER COLLEGE STOP,EXGA,0,0,,0
1700,2026-03-17,FW,12:04,Tuesday,MILVAN RUMIKE STOP,EXBK,0,0,W,6503
1701,2026-03-17,EC,12:10,Tuesday,KEELESDALE STATION,SXUEG,6,13,E,6234
1702,2026-03-17,FW,14:25,Tuesday,WESTMORE STOP TO MARTI,PXOV,30,40,E,6511
1703,2026-03-17,FW,15:21,Tuesday,FINCH WEST FWLRT STATI,MXI,10,17,,6501
1704,2026-03-17,EC,16:19,Tuesday,DON VALLEY STATION,PXSCA,0,0,W,0
1705,2026-03-17,EC,16:28,Tuesday,MOUNT DENNIS STATION,SXUEG,6,11,W,6246
1706,2026-03-17,EC,16:47,Tuesday,FOREST HILL STATION,TXO,6,11,W,6218
1707,2026-03-17,EC,17:05,Tuesday,CALEDONIA STATION,PXSCA,0,0,,0
1708,2026-03-17,FW,17:30,Tuesday,DRIFTWOOD STATION,SXAP,0,0,,3933
1709,2026-03-17,EC,17:44,Tuesday,EGLINTON ECLRT STATION,SXO,0,0,,0
1710,2026-03-17,EC,18:53,Tuesday,CALEDONIA STATION,SXUEG,0,0,E,6215
1711,2026-03-17,FW,01:55,Tuesday,YORKGATE BLVD,TXOVS,0,0,W,6516
1712,2026-03-17,EC,20:51,Tuesday,EGLINTON ECLRT STATION,MXPAA,0,0,W,6208
1713,2026-03-17,FW,21:11,Tuesday,FINCH WEST FWLRT STATI,SXO,0,0,,0
1714,2026-03-18,EC,05:52,Wednesday,EGLINTON ECLRT STATION,TXO,6,0,E,6214
1715,2026-03-18,EC,06:45,Wednesday,MOUNT DENNIS HANDOVER,PXSW,4,8,E,6235
1716,2026-03-18,FW,08:16,Wednesday,JANE FWLRT STOP,EXO,6,12,W,6516
1717,2026-03-18,FW,12:09,Wednesday,ROWNTREE MILLS STOP,EXBK,0,0,E,6508
1718,2026-03-18,FW,14:30,Wednesday,HUMBER COLLEGE STOP,TXNIP,7,17,E,6504
1719,2026-03-18,FW,14:35,Wednesday,HUMBER COLLEGE STOP,TXOVS,3,10,E,6504
1720,2026-03-18,EC,16:10,Wednesday,O'CONNOR STOP,MXPAA,8,13,E,6218
1721,2026-03-18,FW,16:19,Wednesday,HUMBER COLLEGE STOP,TXO,5,9,E,6502
1722,2026-03-18,EC,16:44,Wednesday,MOUNT DENNIS STATION,EXO,5,10,E,6224
1723,2026-03-18,EC,16:47,Wednesday,CEDARVALE STATION,MXIRS,0,0,,0
1724,2026-03-18,EC,17:00,Wednesday,MOUNT PLEASANT STATION,PXEAS,5,10,W,6240
1725,2026-03-18,EC,17:18,Wednesday,LEASIDE STATION (APPRO,EXBK,6,11,W,6213
1726,2026-03-18,EC,17:19,Wednesday,SUNNYBROOK PARK STOP,MXPAA,0,0,E,6268
1727,2026-03-18,EC,17:38,Wednesday,MOUNT DENNIS STATION,EXTM,5,10,E,6240
1728,2026-03-18,EC,18:06,Wednesday,WYNFORD STOP,EXO,5,10,W,6208
1729,2026-03-18,EC,18:09,Wednesday,EGLINTON ECLRT STATION,MXO,0,0,,0
1730,2026-03-18,FW,18:12,Wednesday,ALBION STOP,EXBK,5,9,W,6506
1731,2026-03-18,EC,18:53,Wednesday,CEDARVALE STATION,SXUEG,4,9,W,6246
1732,2026-03-18,EC,18:57,Wednesday,EGLINTON ECLRT STATION,SXUEG,5,10,E,6275
1733,2026-03-18,EC,19:27,Wednesday,EGLINTON ECLRT STATION,TXTO,0,0,,0
1734,2026-03-18,EC,21:32,Wednesday,EGLINTON ECLRT STATION,MXPAA,0,0,E,6261
1735,2026-03-18,FW,21:49,Wednesday,SIGNET ARROW STOP,TXO,3,13,E,6502
1736,2026-03-18,EC,21:58,Wednesday,IONVIEW STOP,SXAP,0,0,W,6224
1737,2026-03-18,EC,23:55,Wednesday,CALEDONIA STATION,SXO,0,0,,0
1738,2026-03-19,FW,05:45,Thursday,JANE AND FINCH,EXBK,7,0,E,6513
1739,2026-03-19,EC,06:19,Thursday,KENNEDY ECLRT STATION,EXCE,0,0,W,6225
1740,2026-03-19,EC,06:30,Thursday,KENNEDY ECLRT STATION,EXCE,11,31,W,6235
1741,2026-03-19,EC,06:53,Thursday,FOREST HILL STATION,MXFS,8,15,E,6267
1742,2026-03-19,EC,08:38,Thursday,MOUNT DENNIS STATION,EXCE,4,8,E,6225
1743,2026-03-19,EC,10:05,Thursday,CALEDONIA STATION,MXIS,0,0,,0
1744,2026-03-19,EC,13:43,Thursday,MOUNT DENNIS STATION,EXO,8,16,E,6210
1745,2026-03-19,EC,14:58,Thursday,KENNEDY ECLRT STATION,EXO,8,16,W,6232
1746,2026-03-19,EC,15:36,Thursday,O'CONNOR STOP,MXPAA,8,16,E,6223
1747,2026-03-19,EC,16:29,Thursday,AVENUE STATION,MXIS,0,0,,0
1748,2026-03-19,EC,16:53,Thursday,CALEDONIA STATION,SXUEG,0,0,W,6200
1749,2026-03-19,EC,18:38,Thursday,SUNNYBROOK PARK STOP,MXPAA,0,0,W,6244
1750,2026-03-19,FW,19:44,Thursday,FINCH WEST FWLRT STATI,TXNOA,10,20,W,6502
1751,2026-03-19,EC,20:03,Thursday,MOUNT DENNIS STATION,MXIS,0,0,,0
1752,2026-03-19,EC,20:14,Thursday,EGLINTON ECLRT STATION,EXGA,4,12,W,0
1753,2026-03-20,FW,05:07,Friday,JANE FWLRT STOP,TXNOA,7,14,E,0
1754,2026-03-20,FW,05:09,Friday,NORFINCH OAKDALE STOP,TXNOA,7,14,W,0
1755,2026-03-20,FW,07:47,Friday,JANE FWLRT STOP,EXBK,6,13,W,6500
1756,2026-03-20,EC,08:46,Friday,SLOANE STOP,EXATC,4,8,E,6228
1757,2026-03-20,EC,09:38,Friday,BIRCHMOUNT STOP,EXAC,0,0,W,6218
1758,2026-03-20,EC,09:41,Friday,LAIRD STATION,MXPAA,3,7,E,0
1759,2026-03-20,FW,12:05,Friday,NORFINCH OAKDALE STOP,EXCE,9,19,W,6515
1760,2026-03-20,EC,13:19,Friday,SUNNYBROOK PARK STOP,EXCE,8,16,E,6206
1761,2026-03-20,FW,14:57,Friday,PEARLDALE STOP,MXPAA,0,0,W,6509
1762,2026-03-20,EC,15:12,Friday,CALEDONIA STATION,EXDO,0,0,W,6225
1763,2026-03-20,FW,16:16,Friday,DRIFTWOOD STOP,EXCE,0,0,W,6509
1764,2026-03-20,EC,16:16,Friday,O'CONNOR STOP,MXPAA,0,0,E,0
1765,2026-03-20,EC,16:24,Friday,GOLDEN MILE STOP,SXEAS,0,0,W,6221
1766,2026-03-20,EC,16:30,Friday,MOUNT DENNIS STATION,EXCE,0,0,E,6256
1767,2026-03-20,FW,16:43,Friday,ROWNTREE MILLS STOP,EXAC,0,0,E,6507
1768,2026-03-20,EC,16:45,Friday,WYNFORD STOP,PXOV,406,412,E,6233
1769,2026-03-20,EC,18:25,Friday,HAKIMI LEBOVIC STOP,PXSW,300,306,W,6263
1770,2026-03-20,FW,22:52,Friday,HUMBER COLLEGE STOP,TXO,5,11,E,6508
1771,2026-03-21,EC,05:40,Saturday,KENNEDY ECLRT STATION,PXOV,84,0,W,0
1772,2026-03-21,EC,06:00,Saturday,KENNEDY ECLRT STATION,PXOV,20,40,W,0
1773,2026-03-21,EC,06:20,Saturday,KENNEDY ECLRT STATION,PXOV,20,40,,0
1774,2026-03-21,EC,06:34,Saturday,KENNEDY ECLRT STATION,PXOV,20,40,W,0
1775,2026-03-21,FW,09:34,Saturday,ALBION STOP,EXBK,0,0,W,6511
1776,2026-03-21,EC,11:29,Saturday,KEELESDALE STATION,MXPAA,0,0,E,6222
1777,2026-03-21,EC,13:37,Saturday,CEDARVALE STATION,MXPAA,4,11,W,6236
1778,2026-03-21,FW,13:41,Saturday,FINCH WEST FWLRT STATI,MXPAA,0,0,W,6517
1779,2026-03-21,FW,13:59,Saturday,GUNN BUILDING (SCADA /,PXATC,14,24,,0
1780,2026-03-21,EC,14:54,Saturday,LEASIDE STATION,MXPAA,0,0,E,6237
1781,2026-03-21,EC,16:11,Saturday,FAIRBANK STATION,SXUEG,3,10,W,6222
1782,2026-03-21,EC,16:43,Saturday,CHAPLIN STATION,MXPAA,3,7,E,6250
1783,2026-03-21,EC,18:26,Saturday,CEDARVALE STATION,SXUEG,0,0,W,0
1784,2026-03-21,FW,19:08,Saturday,JANE FWLRT STOP,MXIRS,30,40,W,6503
1785,2026-03-21,EC,20:27,Saturday,DON VALLEY STATION,SXUEG,5,17,W,6234
1786,2026-03-21,EC,20:57,Saturday,KENNEDY ECLRT STATION,SXUEG,0,0,E,6208
1787,2026-03-21,EC,21:07,Saturday,FAIRBANK STATION,SXUEG,0,0,E,6214
1788,2026-03-21,EC,21:40,Saturday,MOUNT DENNIS STATION,TXML,7,14,E,6251
1789,2026-03-21,EC,22:00,Saturday,MOUNT DENNIS STATION,TXML,7,14,E,6208
1790,2026-03-21,EC,22:15,Saturday,MOUNT DENNIS STATION,TXML,7,14,E,6222
1791,2026-03-21,EC,23:38,Saturday,EGLINTON ECLRT STATION,SXUEG,0,0,E,0
1792,2026-03-22,EC,11:24,Saturday,MOUNT DENNIS STATION,EXATC,4,12,E,6238
1793,2026-03-22,EC,12:07,Saturday,KEELESDALE STATION,MXPAA,0,0,W,6215
1794,2026-03-22,FW,12:18,Saturday,FINCH WEST FWLRT STATI,PXATC,10,20,W,6515
1795,2026-03-22,EC,15:55,Saturday,CHAPLIN STATION,MXPAA,0,0,W,6210
1796,2026-03-22,EC,15:59,Saturday,FOREST HILL STATION,MXPAA,0,0,W,6210
1797,2026-03-22,EC,16:29,Saturday,CEDARVALE STATION,SXUEG,0,0,E,6232
1798,2026-03-22,EC,17:06,Saturday,AVENUE STATION,SXUEG,7,14,E,6244
1799,2026-03-22,EC,18:56,Saturday,KENNEDY ECLRT STATION,MXSAN,7,14,W,6212
1800,2026-03-22,EC,20:42,Saturday,DON VALLEY STATION,SXUEG,0,0,E,6263
1801,2026-03-22,FW,23:02,Saturday,FINCH WEST FWLRT STATI,PXATC,10,20,W,6517
1802,2026-03-23,EC,08:37,Monday,MOUNT DENNIS STATION,EXO,4,8,E,6222
1803,2026-03-23,EC,09:23,Monday,MOUNT DENNIS STATION,EXCE,4,8,E,6200
1804,2026-03-23,EC,12:57,Monday,AVENUE STATION,MXIR,12,20,E,6240
1805,2026-03-23,FW,13:16,Monday,EMERY STOP,MXPAA,3,12,E,6512
1806,2026-03-23,EC,13:49,Monday,MOUNT DENNIS STATION,PXMEL,0,0,,0
1807,2026-03-23,EC,14:15,Monday,AVENUE STATION,SXUEG,3,11,W,0
1808,2026-03-23,EC,15:17,Monday,AVENUE STATION,MXPAA,0,0,W,6209
1809,2026-03-23,EC,15:20,Monday,CHAPLIN STATION,MXPAA,0,0,W,6209
1810,2026-03-23,FW,15:30,Monday,STEVENSON STOP,EXO,4,10,W,6502
1811,2026-03-23,FW,15:39,Monday,HUMBER COLLEGE STOP,EXO,6,12,E,6504
1812,2026-03-23,EC,15:45,Monday,FOREST HILL STATION,SXUEG,0,0,W,0
1813,2026-03-23,EC,17:40,Monday,KEELESDALE STATION,EXO,1,10,W,6253
1814,2026-03-23,EC,19:27,Monday,SLOANE STOP (APPROACHI,PXW,0,0,E,0
1815,2026-03-23,FW (OTC),20:11,Monday,MSF HAND OFF PLATFORM,EXBK,16,25,E,6509
1816,2026-03-23,EC,20:34,Monday,FAIRBANK STATION,SXUEG,0,0,E,0
1817,2026-03-23,FW,20:54,Monday,FINCH AND YORK GATE,EXO,0,0,W,6505
1818,2026-03-23,FW (OTC),21:10,Monday,FINCH AND YORK GATE,PXSO,65,75,E,6509
1819,2026-03-23,EC,21:30,Monday,MT DENNIS STATION,EXO,7,14,E,6200
1820,2026-03-23,EC,21:45,Monday,MT DENNIS STATION,EXO,7,14,E,6241
1821,2026-03-23,EC,22:00,Monday,MT DENNIS STATION,EXO,7,14,E,6245
1822,2026-03-24,EC,05:45,Tuesday,BIRCHMOUNT STOP,MXGD,19,0,W,6231
1823,2026-03-24,FW,06:33,Tuesday,NORFINCH OAKDALE STOP,EXO,0,0,E,6504
1824,2026-03-24,EC,06:40,Tuesday,LAIRD CENTER TRACK,PXSW,53,0,W,0
1825,2026-03-24,EC,06:54,Tuesday,LAIRD STATION,SXEAS,0,0,W,6222
1826,2026-03-24,FW,07:28,Tuesday,HUMBER COLLEGE STOP,MXO,0,0,,0
1827,2026-03-24,FW,07:45,Tuesday,DUNCANWOODS STOP,EXBK,35,42,W,6511
1828,2026-03-24,EC,08:20,Tuesday,KENNEDY ECLRT STATION,PXSW,88,95,W,0
1829,2026-03-24,EC,11:26,Tuesday,FOREST HILL STATION,TXOI,0,0,E,0
1830,2026-03-24,EC,12:12,Tuesday,FOREST HILL STATION,SXUEG,0,0,,0
1831,2026-03-24,FW,12:17,Tuesday,HUMBER COLLEGE STOP,MXI,7,14,E,6516
1832,2026-03-24,FW,13:45,Tuesday,NORFINCH OAKDALE STOP,EXCE,0,0,W,6505
1833,2026-03-24,EC,14:13,Tuesday,LEASIDE STATION,SXUEG,0,0,E,6241
1834,2026-03-24,EC,17:41,Tuesday,CEDARVALE STATION,EXGA,6,12,E,6267
1835,2026-03-24,EC,17:42,Tuesday,WYNFORD STOP,MXI,25,32,W,6239
1836,2026-03-24,EC,17:54,Tuesday,CEDARVALE STATION,MXIRS,0,0,,0
1837,2026-03-24,EC,18:10,Tuesday,DON VALLEY STATION,MXIS,5,12,E,6221
1838,2026-03-24,EC,19:00,Tuesday,KENNEDY ECLRT STATION,EXTM,6,16,W,6267
1839,2026-03-24,FW,20:40,Tuesday,EMERY STOP,TXOVS,0,0,W,6513
1840,2026-03-24,EC,21:14,Tuesday,CHAPLIN STATION,SXUEG,0,0,E,6245
1841,2026-03-24,EC,21:30,Tuesday,MOUNT DENNIS STATION,EXO,7,14,E,6248
1842,2026-03-24,EC,00:37,Tuesday,HUMBER COLLEGE STOP,EXCE,0,0,E,6512
1843,2026-03-24,EC,21:50,Tuesday,MOUNT DENNIS STATION,EXBO,7,14,E,6244
1844,2026-03-25,EC,04:58,Wednesday,LAIRD STATION TO SUNNY,PXW,0,0,E,0
1845,2026-03-25,EC,06:59,Wednesday,OAKWOOD STATION,MXPAA,0,0,W,2626
1846,2026-03-25,EC,08:46,Wednesday,CEDARVALE STATION,MXO,0,0,,0
1847,2026-03-25,FW,08:49,Wednesday,ROWNTREE MILLS STOP,EXBK,5,12,W,6507
1848,2026-03-25,EC,10:39,Wednesday,AGA KHAN PARK - MUSEUM,MXTD,4,11,E,6211
1849,2026-03-25,EC,10:49,Wednesday,FAIRBANK STATION,MXIR,0,0,,0
1850,2026-03-25,EC,11:42,Wednesday,IONVIEW STOP,MXPAA,3,10,E,6239
1851,2026-03-25,EC,13:58,Wednesday,AGA KHAN PARK - MUSEUM,EXTM,7,14,E,6228
1852,2026-03-25,EC,13:58,Wednesday,AGA KHAN PARK - MUSEUM,MXPAA,0,0,E,6228
1853,2026-03-25,EC,14:55,Wednesday,KENNEDY ECLRT STATION,EXTM,8,16,E,6205
1854,2026-03-25,EC,16:54,Wednesday,DON VALLEY STATION,SXUEG,3,8,E,6218
1855,2026-03-25,FW,16:56,Wednesday,NORFINCH OAKDALE STOP,EXBK,0,0,E,6511
1856,2026-03-25,EC,17:12,Wednesday,MOUNT DENNIS STATION,SXUEG,3,8,E,6224
1857,2026-03-25,FW,17:14,Wednesday,MARTIN GROVE STOP,EXBK,0,0,E,6515
1858,2026-03-25,EC,17:57,Wednesday,PHARMACY STOP,MXPAA,3,8,E,6206
1859,2026-03-25,FW,18:30,Wednesday,DRIFTWOOD STOP,TXO,7,14,E,6512
1860,2026-03-25,EC,18:46,Wednesday,LINE 5,PXATC,0,0,,0
1861,2026-03-25,FW,19:02,Wednesday,HANDOVER PLATFORM (APP,EXBK,0,0,W,6512
1862,2026-03-25,FW,21:12,Wednesday,WESTMORE STOP,EXAC,0,0,E,6516
1863,2026-03-25,EC,21:38,Wednesday,MOUNT DENNIS STATION,EXBO,7,14,E,6200
1864,2026-03-25,EC,21:50,Wednesday,MOUNT DENNIS STATION,EXO,7,14,E,6239
1865,2026-03-25,FW,21:59,Wednesday,DRIFTWOOD STOP,MXTD,3,13,E,6503
1866,2026-03-25,EC,01:19,Wednesday,JANE FWLRT STOP,TXOVS,0,0,W,6507
1867,2026-03-25,EC,22:15,Wednesday,AVENUE STATION,SXUEG,0,0,E,6200
1868,2026-03-26,EC,06:14,Thursday,PHARMACY STOP,PXSAC,0,0,W,0
1869,2026-03-26,EC,07:05,Thursday,SLOANE STOP,MXO,3,11,E,6263
1870,2026-03-26,EC,08:30,Thursday,KENNEDY ECLRT STATION,MXIRS,0,0,,0
1871,2026-03-26,EC,11:09,Thursday,HAKIMI LEBOVIC STOP,MXPAA,0,0,W,6246
1872,2026-03-26,EC,13:03,Thursday,AVENUE STATION,EXGA,5,13,W,6210
1873,2026-03-26,FW,13:08,Thursday,JANE FWLRT STOP,MXTD,10,20,E,6502
1874,2026-03-26,EC,14:56,Thursday,AVENUE STATION,EXGA,4,11,E,6219
1875,2026-03-26,EC,15:49,Thursday,FAIRBANK STATION,EXGA,3,7,E,6241
1876,2026-03-26,EC,16:09,Thursday,FAIRBANK STATION,MXPAA,3,7,W,6256
1877,2026-03-26,FW,17:26,Thursday,EMERY STOP,SXDP,5,12,W,6501
1878,2026-03-26,EC,18:03,Thursday,EGLINTON ECLRT STATION,SXUEG,9,13,E,6206
1879,2026-03-26,EC,20:51,Thursday,MOUNT PLEASANT STATION,SXUEG,7,14,W,6275
1880,2026-03-26,EC,21:30,Thursday,MOUNT DENNIS STATION,EXO,7,14,E,6244
1881,2026-03-26,EC,21:45,Thursday,MOUNT DENNIS STATION,EXO,7,14,E,6207
1882,2026-03-26,EC,22:00,Thursday,MOUNT DENNIS STATION,EXO,7,14,E,6250
1883,2026-03-26,EC,22:26,Thursday,MOUNT DENNIS STATION (,EXO,10,17,E,6240
1884,2026-03-26,EC,22:37,Thursday,MOUNT DENNIS STATION,EXBK,50,0,E,6204
1885,2026-03-27,EC,02:01,Friday,MOUNT DENNIS STATION,PXMEL,0,0,,0
1886,2026-03-27,FW,05:12,Friday,SENTINEL STOP,MXO,15,0,E,6509
1887,2026-03-27,EGLINTON/FINCH,06:00,Friday,TORONTO TRANSIT COMMIS,MXO,0,0,,0
1888,2026-03-27,FW,07:32,Friday,FINCH WEST FWLRT STATI,EXATC,7,14,W,6507
1889,2026-03-27,EC,09:36,Friday,LAIRD STATION,EXGA,0,0,W,0
1890,2026-03-27,FW,15:10,Friday,WESTMORE STOP (APPROAC,TXOVS,0,0,E,6513
1891,2026-03-27,EC,15:28,Friday,MOUNT PLEASANT STATION,EXGA,4,8,E,6215
1892,2026-03-27,EC,15:32,Friday,OAKWOOD STATION,EXGA,0,0,E,6200
1893,2026-03-27,EC,15:41,Friday,CEDARVALE STATION,EXGA,4,8,E,6250
1894,2026-03-27,EC,15:52,Friday,FAIRBANK STATION,EXGA,4,8,W,6248
1895,2026-03-27,EC,15:55,Friday,FAIRBANK STATION,TXNCA,0,0,,0
1896,2026-03-27,FW,16:27,Friday,SENTINEL STOP,TXOVS,0,0,E,6512
1897,2026-03-27,FW,16:39,Friday,FINCH WEST FWLRT STATI,TXNIP,5,10,W,6515
1898,2026-03-27,EC,16:52,Friday,WYNFORD STOP,MXPAA,4,8,W,6270
1899,2026-03-27,EC,17:48,Friday,KENNEDY ECLRT STATION,EXBK,4,8,W,6267
1900,2026-03-27,EC,18:46,Friday,EGLINTON ECLRT STATION,SXO,8,12,E,6230
1901,2026-03-27,FW,21:13,Friday,MILVAN RUMIKE STOP,SXDP,14,24,E,6505
1902,2026-03-27,EC,00:04,Friday,HYW 400 E,TXOVS,0,0,E,6502
1903,2026-03-27,FW,21:39,Friday,EMERY STOP,TXO,44,54,E,6505
1904,2026-03-28,EC,12:38,Saturday,FOREST HILL STATION,SXUEG,3,11,W,6256
1905,2026-03-28,EC,13:14,Saturday,WYNFORD STOP,PXSAC,0,0,E,0
1906,2026-03-28,EC,13:17,Saturday,O'CONNOR STOP,PXSAC,0,0,E,0
1907,2026-03-28,EC,14:34,Saturday,PHARMACY STOP,PXSAC,8,16,W,6229
1908,2026-03-28,EC,14:49,Saturday,EGLINTON ECLRT STATION,MXPAA,0,0,W,6231
1909,2026-03-28,EC,16:21,Saturday,IONVIEW STOP,MXPAA,0,0,E,6257
1910,2026-03-28,EC,17:15,Saturday,FAIRBANK STATION,EXBK,8,16,E,6237
1911,2026-03-28,EC,17:43,Saturday,DON VALLEY STATION,MXPAA,4,11,E,6240
1912,2026-03-28,EC,18:10,Saturday,HAKIMI LEBOVIC STOP,PXSW,14,21,W,6271
1913,2026-03-28,EC,18:47,Saturday,KEELESDALE STATION,EXGA,0,0,E,0
1914,2026-03-28,EC,18:48,Saturday,EGLINTON ECLRT STATION,MXPAA,0,0,E,6275
1915,2026-03-28,EC,20:36,Saturday,PHARMACY STOP,PXSAC,0,0,W,0
1916,2026-03-28,EC,20:55,Saturday,MOUNT DENNIS STATION,TXML,15,30,E,6259
1917,2026-03-28,EC,21:11,Saturday,MOUNT DENNIS STATION,TXML,15,23,E,6229
1918,2026-03-28,EC,22:07,Saturday,MOUNT DENNIS STATION,TXML,15,23,E,6251
1919,2026-03-28,EC,22:26,Saturday,DON VALLEY STATION,MXIR,9,17,E,6225
1920,2026-03-28,EC,23:01,Saturday,MOUNT DENNIS STATION,MXO,0,0,,0
1921,2026-03-28,EC,23:18,Saturday,EGLINTON ECLRT STATION,SXUEG,0,0,E,0
1922,2026-03-28,EC,01:25,Saturday,MOUNT DENNIS STATION,SXDP,0,0,,0
1923,2026-03-29,EC,07:36,Saturday,IONVIEW STOP,EXBK,16,0,W,6267
1924,2026-03-29,FW,08:33,Saturday,DRIFTWOOD STOP,EXO,0,0,W,6501
1925,2026-03-29,EC,09:33,Saturday,FAIRBANK STATION,SXUEG,5,20,E,6268
1926,2026-03-29,EC,10:11,Saturday,LAIRD STATION,SXUEG,5,12,W,6267
1927,2026-03-29,FW,14:52,Saturday,ALBION STOP,TXO,7,17,W,6504
1928,2026-03-29,EC,16:28,Saturday,KEELESDALE STATION,EXGA,3,11,E,0
1929,2026-03-29,EC,17:02,Saturday,FOREST HILL STATION,EXGA,0,0,W,0
1930,2026-03-29,EC,17:05,Saturday,AVENUE STATION,MXPAA,0,0,E,6215
1931,2026-03-29,EC,17:24,Saturday,O'CONNOR STOP,EXOSC,8,16,E,6229
1932,2026-03-29,FW,19:08,Saturday,JANE FWLRT STOP,EXBK,4,15,E,6508
1933,2026-03-29,FW,19:08,Saturday,JANE FWLRT STOP,EXOSC,15,30,E,6508
1934,2026-03-29,EC,21:00,Saturday,LEASIDE STATION,SXUEG,0,0,W,0
1935,2026-03-29,EC,21:13,Saturday,MOUNT PLEASANT STATION,SXUEG,0,0,W,0
1936,2026-03-29,EC,21:41,Saturday,MOUNT DENNIS STATION,TXML,19,24,E,6217
1937,2026-03-29,EC,22:10,Saturday,MOUNT DENNIS STATION,TXML,15,23,E,6205
1938,2026-03-29,FW,22:32,Saturday,FINCH WEST FWLRT STATI,MXSAN,7,17,W,6505
1939,2026-03-29,FW,01:36,Saturday,HUMBER COLLEGE STOP,MXI,0,0,E,6502
1940,2026-03-30,EC,04:04,Monday,MOUNT PLEASANT STATION,PXWZ,0,0,,0
1941,2026-03-30,EC,06:09,Monday,HAKIMI LEBOVIC STOP,EXATC,20,40,W,6210
1942,2026-03-30,EC,06:50,Monday,CHAPLIN STATION,TXO,4,8,E,6257
1943,2026-03-30,FW,09:08,Monday,MOUNT OLIVE STOP,TXATC,6,13,W,6513
1944,2026-03-30,EC,09:56,Monday,CEDARVALE STATION,TXNCA,0,0,,0
1945,2026-03-30,EC,11:15,Monday,KENNEDY ECLRT STATION,EXTM,8,16,W,6213
1946,2026-03-30,FW,11:47,Monday,FINCH WEST FWLRT STATI,SXO,0,0,E,6504
1947,2026-03-30,FW,12:51,Monday,JANE FWLRT STOP,TXOVS,0,0,W,6501
1948,2026-03-30,EC,13:04,Monday,KENNEDY ECLRT STATION,TXNIP,5,12,W,6226
1949,2026-03-30,FW,13:16,Monday,EMERY STOP (APPROACHIN,EXBK,177,9,W,6505
1950,2026-03-30,FW,16:33,Monday,HUMBER COLLEGE STOP (L,TXOVS,0,0,E,6511
1951,2026-03-30,FW,17:21,Monday,HUMBER COLLEGE STOP,EXBK,6,12,W,6502
1952,2026-03-30,EC,17:34,Monday,CALEDONIA STATION,SXUEG,0,0,W,0
1953,2026-03-30,FW,17:59,Monday,STEVENSON STOP,MXPR1,64,70,W,6504
1954,2026-03-30,FW,18:10,Monday,JANE FWLRT STOP,MXTO,6,12,W,6503
1955,2026-03-30,EC,18:18,Monday,LEASIDE STATION,SXUEG,0,0,E,0
1956,2026-03-30,FW,00:19,Monday,FINCH WEST FWLRT STATI,MXSAN,5,15,W,6507
1957,2026-03-30,EC,20:36,Monday,O'CONNOR STOP,EXO,3,9,W,0
1958,2026-03-30,EC,21:01,Monday,AVENUE STATION,MXPAA,0,0,W,6224
1959,2026-03-30,FW,21:09,Monday,JANE FWLRT STOP,MXTO,8,16,W,6503
1960,2026-03-30,EC,21:38,Monday,AVENUE STATION,SXUEG,10,15,E,6246
1961,2026-03-31,FW,04:16,Tuesday,DUNCANWOODS STOP,PXSW,0,0,E,0
1962,2026-03-31,EC,08:01,Tuesday,EGLINTON ECLRT STATION,PXMST,0,0,,0
1963,2026-03-31,FW,12:36,Tuesday,DUNCANWOODS STOP,TXOI,44,49,W,6056
1964,2026-03-31,EC,13:04,Tuesday,SUNNYBROOK PARK STOP,EXDO,3,11,W,6254
1965,2026-03-31,EC,13:53,Tuesday,AGA KHAN PARK - MUSEUM,PXDCS,5,13,W,6204
1966,2026-03-31,EC,15:12,Tuesday,EGLINTON ECLRT STATION,MXPAA,4,12,E,6262
1967,2026-03-31,FW,16:06,Tuesday,PEARLDALE STOP,EXBK,3,10,E,6516
1968,2026-03-31,EC,16:16,Tuesday,EGLINTON ECLRT STATION,TXO,0,0,W,0
1969,2026-03-31,FW,16:26,Tuesday,HUMBER COLLEGE STOP,EXO,5,12,E,6517
1970,2026-03-31,EC,17:30,Tuesday,CHAPLIN STATION,MXPAA,3,8,E,6236
1971,2026-03-31,FW,18:48,Tuesday,FINCH WEST FWLRT STATI,TXNOA,10,20,W,6504
1972,2026-03-31,EC,19:26,Tuesday,FAIRBANK STATION,SXUEG,3,8,W,6310
1973,2026-03-31,EC,20:56,Tuesday,MOUNT DENNIS STATION,TXML,3,10,E,6205
1974,2026-03-31,EC,21:03,Tuesday,CEDARVALE STATION,SXUEG,0,0,E,6238
1975,2026-03-31,FW,21:12,Tuesday,FINCH WEST FWLRT STATI,TXNOA,8,16,E,6504
1976,2026-03-31,FW,21:18,Tuesday,FINCH WEST FWLRT STATI,TXNOA,10,20,W,6504
1977,2026-03-31,FW,21:19,Tuesday,FINCH WEST FWLRT STATI,TXNOA,8,16,W,6509
1978,2026-03-31,EC,21:20,Tuesday,MOUNT DENNIS STATION,TXML,6,14,E,6205
1979,2026-03-31,FW,21:30,Tuesday,FINCH WEST FWLRT STATI,TXNOA,8,16,W,6503
1980,2026-03-31,EC,21:52,Tuesday,CEDARVALE STATION,SXUEG,0,0,E,6222
1981,2026-03-31,EC,22:07,Tuesday,MOUNT DENNIS STATION,TXML,7,13,E,6207
1982,2026-03-31,FW,22:10,Tuesday,FINCH WEST FWLRT STATI,TXNOA,10,20,W,6511
1983,2026-03-31,EC,22:36,Tuesday,CEDARVALE STATION,SXUEG,0,0,E,6213
1984,2026-03-31,FW,22:50,Tuesday,WESTMORE STOP,EXCE,0,0,E,6512
1985,2026-04-01,EC,07:49,Wednesday,LEASIDE STATION,MXIRS,0,0,,0
1986,2026-04-01,EC,08:24,Wednesday,MOUNT DENNIS STATION,EXVC,8,16,E,6220
1987,2026-04-01,FW,10:20,Wednesday,JANE AND FINCH,MXIS,0,0,E,0
1988,2026-04-01,FW,11:04,Wednesday,FINCH WEST FWLRT STATI,SXDP,0,0,,0
1989,2026-04-01,EC,12:53,Wednesday,WYNFORD STOP,MXPAA,0,0,W,6243
1990,2026-04-01,FW,13:04,Wednesday,FINCH WEST FWLRT STATI,EXO,9,18,,6516
1991,2026-04-01,EC,13:28,Wednesday,CEDARVALE STATION,SXL,0,0,,0
1992,2026-04-01,FW,15:31,Wednesday,SIGNET ARROW STOP,MXPAA,3,9,E,6506
1993,2026-04-01,EC,15:34,Wednesday,CHAPLIN STATION,SXGDS,0,0,W,0
1994,2026-04-01,EC,15:38,Wednesday,MOUNT PLEASANT STATION,SXGDS,0,0,W,0
1995,2026-04-01,FW,15:39,Wednesday,HUMBER COLLEGE STOP,SXGDS,5,11,E,6516
1996,2026-04-01,FW,16:37,Wednesday,STEVENSON STOP,TXOVS,0,0,W,6505
1997,2026-04-01,FW,18:10,Wednesday,FINCH WEST FWLRT STATI,MXFS,9,15,W,6516
1998,2026-04-01,FW,20:03,Wednesday,HUMBER COLLEGE STOP,MXSAN,8,18,E,6506
1999,2026-04-01,EC,20:41,Wednesday,CALEDONIA STATION,SXGDS,0,0,W,0
2000,2026-04-01,EC,21:23,Wednesday,MOUNT DENNIS STATION,TXML,7,13,E,6222
2001,2026-04-01,EC,21:49,Wednesday,MOUNT DENNIS STATION,TXML,8,15,E,6212
2002,2026-04-01,EC,22:08,Wednesday,MOUNT DENNIS STATION,TXML,7,15,E,0
2003,2026-04-01,EC,22:09,Wednesday,OAKWOOD STATION,SXDP,0,0,,0
2004,2026-04-01,EC,22:28,Wednesday,MOUNT DENNIS STATION,MXI,0,0,E,6204
2005,2026-04-01,EC,23:23,Wednesday,EGLINTON ECLRT STATION,SXGDS,0,0,W,0
2006,2026-04-02,EC,05:42,Thursday,KENNEDY ECLRT STATION,PXWZ,4,0,W,6229
2007,2026-04-02,EC,05:45,Thursday,MOUNT DENNIS STATION,PXWZ,5,0,E,6234
2008,2026-04-02,EC,05:52,Thursday,EGLINTON ECLRT STATION,PXWZ,10,0,E,6224
2009,2026-04-02,EC,06:30,Thursday,HANDOVER,PXSCR,0,0,E,6202
2010,2026-04-02,EC,07:12,Thursday,CEDARVALE STATION,MXIS,0,0,,0
2011,2026-04-02,FW,07:22,Thursday,HUMBER COLLEGE STOP,MXIS,0,0,,0
2012,2026-04-02,EC,12:39,Thursday,AVENUE STATION,EXGA,0,0,,0
2013,2026-04-02,EC,13:51,Thursday,LEASIDE STATION,SXGDS,3,10,E,6214
2014,2026-04-02,FW,14:53,Thursday,YORKGATE BLVD.,EXTM,10,17,W,6506
2015,2026-04-02,EC,17:05,Thursday,EGLINTON ECLRT STATION,MXPAA,4,8,E,6264
2016,2026-04-02,EC,17:27,Thursday,CEDARVALE STATION,MXIRS,0,0,,0
2017,2026-04-02,EC,19:11,Thursday,CHAPLIN STATION,SXDP,0,0,W,6259
2018,2026-04-02,EC,21:01,Thursday,OAKWOOD STATION,PXO,0,0,W,6229
2019,2026-04-02,EC,21:03,Thursday,SLOANE STOP,EXO,0,0,E,6238
2020,2026-04-02,EC,21:11,Thursday,MOUNT DENNIS STATION,SXGDS,0,0,W,0
2021,2026-04-02,EC,21:50,Thursday,LAIRD STATION,MXSAN,6,12,E,6214
2022,2026-04-02,FW,22:25,Thursday,MARTIN GROVE STOP,EXBK,7,13,E,6508
2023,2026-04-02,EC,23:02,Thursday,MOUNT DENNIS STATION,MXIR,0,0,,6211
2024,2026-04-02,EC,23:06,Thursday,MOUNT PLEASANT STATION,PXMST,0,0,,0
2025,2026-04-02,EC,23:13,Thursday,CEDARVALE STATION,EXTM,0,0,W,6221
2026,2026-04-03,EC,06:40,Friday,KENNEDY ECLRT STATION,TXOS,0,0,W,6265
2027,2026-04-03,EC,08:05,Friday,PHARMACY STOP,EXSE,0,0,W,6245
2028,2026-04-03,EC,10:55,Friday,SUNNYBROOK PARK STOP,SXPOL,20,29,E,6224
2029,2026-04-03,EC,12:06,Friday,KENNEDY ECLRT STATION,MXIRS,0,0,,0
2030,2026-04-03,EC,12:10,Friday,WYNFORD STOP,SXPOL,0,0,W,6228
2031,2026-04-03,EC,13:11,Friday,KENNEDY ECLRT STATION,EXCE,0,0,,6217
2032,2026-04-03,FW,15:01,Friday,HUMBER COLLEGE STOP (E,TXOVS,4,13,W,6511
2033,2026-04-03,EC,15:10,Friday,AVENUE STATION,MXPAA,0,0,E,6227
2034,2026-04-03,EC,15:48,Friday,EGLINTON ECLRT STATION,SXGDS,3,10,W,0
2035,2026-04-03,FW,16:25,Friday,FINCH WEST FWLRT STATI,MXIS,0,0,,0
2036,2026-04-03,EC,16:40,Friday,KEELESDALE STATION,SXGDS,0,0,,0
2037,2026-04-03,EC,17:08,Friday,FAIRBANK STATION,EXGA,7,14,E,6219
2038,2026-04-03,EC,17:15,Friday,EGLINTON ECLRT STATION,MXPAA,3,10,W,6244
2039,2026-04-03,FW,18:12,Friday,ROWNTREE MILLS STOP,EXBK,3,12,W,6502
2040,2026-04-03,FW,18:21,Friday,FINCH WEST FWLRT STATI,EXCE,5,14,W,6504
2041,2026-04-03,EC,18:24,Friday,DON VALLEY STATION,MXIRS,0,0,,0
2042,2026-04-03,EC,18:24,Friday,EGLINTON ECLRT STATION,EXGA,0,0,E,0
2043,2026-04-03,EC,18:58,Friday,DON VALLEY STATION,SXGDS,0,0,E,0
2044,2026-04-03,EC,18:58,Friday,FAIRBANK STATION,MXIRS,0,0,E,6201
2045,2026-04-03,FW,19:25,Friday,FINCH WEST FWLRT STATI,EXO,6,16,W,6502
2046,2026-04-03,EC,20:33,Friday,MOUNT PLEASANT STATION,SXGDS,4,17,W,6253
2047,2026-04-03,EC,21:28,Friday,MOUNT PLEASANT STATION,SXGDS,0,0,,0
2048,2026-04-03,EC,21:32,Friday,HAKIMI LEBOVIC STOP,PXSW,85,98,W,6233
2049,2026-04-03,EC,22:33,Friday,EGLINTON ECLRT STATION,SXGDS,0,0,,0
2050,2026-04-03,EC,23:27,Friday,MOUNT DENNIS STATION,MXI,0,0,E,6271
2051,2026-04-04,FW,05:46,Saturday,MARTIN GROVE STOP,EXSA,10,20,E,6509
2052,2026-04-04,EC,06:32,Saturday,CALEDONIA STATION,MXIS,0,0,,0
2053,2026-04-04,EC,11:12,Saturday,FAIRBANK STATION,SXGDS,0,0,,0
2054,2026-04-04,FW,12:16,Saturday,SIGNET ARROW STOP,EXTM,0,0,E,6513
2055,2026-04-04,EC,13:44,Saturday,KENNEDY ECLRT STATION,SXGDS,0,0,W,0
2056,2026-04-04,EC,17:16,Saturday,EGLINTON ECLRT STATION,SXGDS,8,15,E,6261
2057,2026-04-04,EC,20:33,Saturday,MOUNT PLEASANT STATION,SXGDS,0,0,W,0
2058,2026-04-04,EC,21:00,Saturday,OAKWOOD STATION,MXPAA,3,11,E,6240
2059,2026-04-04,FW,21:02,Saturday,FINCH WEST FWLRT STATI,EXO,4,14,W,6504
2060,2026-04-04,EC,21:07,Saturday,KENNEDY ECLRT STATION,SXGDS,0,0,E,0
2061,2026-04-04,EC,21:15,Saturday,MOUNT DENNIS STATION,TXML,12,24,E,6231
2062,2026-04-04,EC,21:55,Saturday,MOUNT DENNIS STATION,TXML,12,24,E,6201
2063,2026-04-04,EC,22:18,Saturday,MOUNT DENNIS STATION,TXML,12,24,E,6274
2064,2026-04-05,EC,02:35,Saturday,KENNEDY TO IONVIEW,PXSCA,0,0,,0
2065,2026-04-05,EC,06:48,Saturday,CALEDONIA STATION,TXNCA,0,0,,0
2066,2026-04-05,FW,07:34,Saturday,`HANDOFF PLATFORM,PXSW,0,0,E,6500
2067,2026-04-05,EC,09:07,Saturday,MOUNT DENNIS STATION,EXCE,7,14,E,6204
2068,2026-04-05,EC,10:00,Saturday,MOUNT DENNIS STATION,TXNIP,7,14,E,0
2069,2026-04-05,FW,12:34,Saturday,PEARLDALE STOP,EXBK,0,0,W,6513
2070,2026-04-05,EC,12:42,Saturday,KENNEDY ECLRT STATION,EXTR,4,12,W,6232
2071,2026-04-05,FW,14:15,Saturday,HUMBER COLLEGE STOP,EXGA,0,0,E,6508
2072,2026-04-05,EC,14:34,Saturday,CEDARVALE STATION,SXGDS,0,0,W,0
2073,2026-04-05,EC,14:59,Saturday,KENNEDY ECLRT STATION,EXO,7,14,W,6201
2074,2026-04-05,EC,15:04,Saturday,OAKWOOD STATION,MXPAA,3,9,E,6214
2075,2026-04-05,EC,16:36,Saturday,CEDARVALE STATION,MXPAA,3,9,E,6228
2076,2026-04-05,EC,16:52,Saturday,LAIRD STATION,MXTO,4,10,E,6228
2077,2026-04-05,EC,17:36,Saturday,CEDARVALE STATION,SXGDS,0,0,W,0
2078,2026-04-05,EC,18:00,Saturday,KEELESDALE STATION,SXGDS,0,0,W,0
2079,2026-04-05,EC,18:09,Saturday,MOUNT DENNIS STATION,EXO,7,14,E,6263
2080,2026-04-05,EC,18:25,Saturday,CEDARVALE STATION,SXGDS,0,0,W,0
2081,2026-04-05,EC,18:29,Saturday,HAKIMI LEBOVIC STOP,EXOSC,0,0,W,6229
2082,2026-04-05,EC,21:42,Saturday,SLOANE STOP,PXSAC,0,0,W,0
2083,2026-04-06,EC,06:03,Monday,KENNEDY ECLRT STATION,TXO,8,28,W,6268
2084,2026-04-06,FW,07:06,Monday,HAND OFF PLATFORM,PXSW,0,0,,0
2085,2026-04-06,EC,07:41,Monday,SUNNYBROOK PARK STOP,EXATC,3,7,E,6262
2086,2026-04-06,FW,09:26,Monday,FINCH WEST FWLRT STATI,EXGA,7,14,W,6514
2087,2026-04-06,FW,09:57,Monday,FINCH WEST FWLRT STATI,EXBK,0,0,W,6508
2088,2026-04-06,EC,11:14,Monday,CEDARVALE STATION,SXGDS,7,14,W,6274
2089,2026-04-06,EC,13:47,Monday,CEDARVALE STATION,MXIRS,0,0,,0
2090,2026-04-06,EC,14:17,Monday,CEDARVALE STATION,MXO,0,0,,0
2091,2026-04-06,EC,14:55,Monday,FOREST HILL STATION,EXATC,8,16,E,6215
2092,2026-04-06,EC,15:12,Monday,CALEDONIA STATION,SXGDS,7,15,W,6274
2093,2026-04-06,EC,15:51,Monday,EGLINTON ECLRT STATION,MXPLC,5,10,E,6213
2094,2026-04-06,FW,16:11,Monday,NORFINCH OAKDALE STOP,MXUS,3,9,E,6508
2095,2026-04-06,FW,17:06,Monday,PEARLDALE STOP,MXUS,3,9,E,6506
2096,2026-04-06,EC,17:08,Monday,HAKIMI LEBOVIC STOP,MXPAA,0,0,E,6210
2097,2026-04-06,EC,17:19,Monday,LAIRD STATION,SXGDS,0,0,W,6241
2098,2026-04-06,EC,18:55,Monday,EGLINTON ECLRT STATION,SXL,0,0,,0
2099,2026-04-06,EC,20:16,Monday,CHAPLIN STATION,MXIS,0,0,,0
2100,2026-04-06,EC,20:24,Monday,EGLINTON ECLRT STATION,SXO,0,0,W,6253
2101,2026-04-07,FW,06:17,Tuesday,DRIFTWOOD STOP,EXTM,0,0,E,6515
2102,2026-04-07,FW,06:54,Tuesday,MILVAN RUMIKE STOP,EXDO,0,0,W,6515
2103,2026-04-07,FW,07:11,Tuesday,DUNCANWOODS STOP,EXTM,0,0,W,6508
2104,2026-04-07,FW,07:58,Tuesday,HUMBER COLLEGE STOP,EXTM,7,14,E,6515
2105,2026-04-07,FW,08:10,Tuesday,FINCH WEST FWLRT STATI,EXO,7,14,W,6504
2106,2026-04-07,FW,08:39,Tuesday,FINCH WEST FWLRT STATI,EXDO,7,14,W,6515
2107,2026-04-07,FW,10:51,Tuesday,ALBION STOP,EXTM,5,12,W,6514
2108,2026-04-07,EC,12:04,Tuesday,FOREST HILL STATION,SXGDS,6,14,E,6220
2109,2026-04-07,EC,15:08,Tuesday,DON VALLEY STATION,MXPAA,0,0,E,6232
2110,2026-04-07,EC,15:38,Tuesday,PHARMACY LRT,MXIE,0,0,W,6220
2111,2026-04-07,FW,16:33,Tuesday,EMERY STOP,EXBK,39,45,E,6511
2112,2026-04-07,FW,16:45,Tuesday,MILVAN RUMIKE STOP,PXW,0,0,W,0
2113,2026-04-07,EC,16:49,Tuesday,EGLINTON ECLRT STATION,MXUS,7,11,W,6201
2114,2026-04-07,EC,18:05,Tuesday,EGLINTON ECLRT STATION,PXMST,0,0,,0
2115,2026-04-07,EC,22:43,Tuesday,OAKWOOD STATION,SXO,0,0,,0
2116,2026-04-07,FW,01:25,Tuesday,EMERY STOP - APPROACHI,EXHV,17,0,W,6507
2117,2026-04-07,EC,01:39,Tuesday,O'CONNOR STOP,EXDO,0,0,E,6230
2118,2026-04-08,FW,07:47,Wednesday,PEARLDALE STOP,EXTM,0,0,W,6508
2119,2026-04-08,FW,09:45,Wednesday,HAND OFF,EXTM,0,0,,0
2120,2026-04-08,EC,11:23,Wednesday,BIRCHMOUNT STOP,MXPAA,0,0,E,6200
2121,2026-04-08,EC,14:05,Wednesday,CEDARVALE STATION,SXGDS,0,0,W,0
2122,2026-04-08,FW,14:55,Wednesday,HANDOVER (NEAR THE YAR,PXSW,5,10,E,6510
2123,2026-04-08,EC,15:19,Wednesday,CEDARVALE STATION,SXGDS,3,7,E,6257
2124,2026-04-08,EC,15:22,Wednesday,HAKIMI LEBOVIC STOP,MXPAA,5,9,E,6237
2125,2026-04-08,EC,16:01,Wednesday,MOUNT DENNIS STATION,EXBK,4,8,E,6223
2126,2026-04-08,EC,18:03,Wednesday,EGLINTON ECLRT STATION,MXPAA,0,0,E,6225
2127,2026-04-08,EC,22:57,Wednesday,OAKWOOD STATION,SXGDS,0,0,,0
2128,2026-04-08,FW,23:34,Wednesday,FINCH WEST FWLRT STATI,PXSBE,4,14,W,6517
2129,2026-04-09,FW,07:42,Thursday,ALBION STOP,EXSE,6,12,W,6500
2130,2026-04-09,EC,07:58,Thursday,CHAPLIN STATION,SXGDS,3,7,E,6218
2131,2026-04-09,EC,08:21,Thursday,BIRCHMOUNT STOP,EXATC,4,8,W,6231
2132,2026-04-09,FW,10:55,Thursday,EMERY STOP,EXCE,0,0,E,6503
2133,2026-04-09,EC,12:08,Thursday,IONVIEW STOP,MXPAA,0,0,E,6235
2134,2026-04-09,EC,12:16,Thursday,CALEDONIA STATION,SXGDS,0,0,E,0
2135,2026-04-09,EC,12:35,Thursday,O'CONNOR STOP,EXO,12,19,W,6238
2136,2026-04-09,EC,13:44,Thursday,FOREST HILL STATION,SXDP,0,0,,0
2137,2026-04-09,EC,19:38,Thursday,EGLINTON ECLRT STATION,SXGDS,0,0,E,0
2138,2026-04-09,FW,20:16,Thursday,ALBION STOP - HUMBER C,EXATC,14,21,,0
2139,2026-04-10,FW,06:13,Friday,FINCH WEST AND ALBION,MXAFR,214,224,W,6512
2140,2026-04-10,EC,08:23,Friday,SLOANE STOP,MXPAA,3,7,W,6275
2141,2026-04-10,EC,08:46,Friday,DON VALLEY STATION,TXO,0,0,E,6227
2142,2026-04-10,FW,11:09,Friday,DUNCANWOODS STOP- 2488,MXFL,74,84,W,6500
2143,2026-04-10,EC,11:20,Friday,PHARMACY STOP,TXATC,0,0,E,6201
2144,2026-04-10,EC,12:16,Friday,KEELESDALE STATION,EXBK,10,18,E,6258
2145,2026-04-10,EC,13:16,Friday,LEASIDE STATION,SXGDS,3,9,E,6219
2146,2026-04-10,EC,15:09,Friday,MOUNT DENNIS STATION,MXIRS,0,0,,0
2147,2026-04-10,EC,16:08,Friday,HAND  OVER PLATFORM,MXNOA,6,12,,0
2148,2026-04-10,EC,16:33,Friday,FAIRBANK STATION,SXGDS,0,0,,0
2149,2026-04-10,EC,18:03,Friday,MOUNT PLEASANT STATION,SXGDS,0,0,E,0
2150,2026-04-10,EC,18:17,Friday,KEELESDALE STATION,MXPAA,3,9,E,6267
2151,2026-04-10,EC,18:25,Friday,DON VALLEY STATION,EXTM,4,10,E,6259
2152,2026-04-10,FW,20:23,Friday,SIGNET ARROW STOP,EXATC,4,12,W,6508
2153,2026-04-10,EC,20:24,Friday,MOUNT DENNIS STATION,MXIR,6,12,E,6266
2154,2026-04-10,EC,21:00,Friday,LEASIDE STATION,SXGDS,0,0,E,0
2155,2026-04-10,EC,21:52,Friday,LEASIDE STATION,SXGDS,0,0,W,6227
2156,2026-04-11,FW,05:08,Saturday,NORFINCH OAKDALE STOP,EXATC,7,17,W,6500
2157,2026-04-11,EC,08:16,Saturday,MOUNT DENNIS STATION,TXCL,8,15,E,6256
2158,2026-04-11,EC,14:07,Saturday,DON VALLEY STATION,TXNCA,0,0,,0
2159,2026-04-11,EC,14:08,Saturday,MOUNT PLEASANT STATION,TXNCA,0,0,,0
2160,2026-04-11,EC,14:47,Saturday,MOUNT DENNIS STATION,MXIE,0,0,,0
2161,2026-04-11,EC,14:58,Saturday,CALEDONIA STATION,MXPAA,0,0,W,6226
2162,2026-04-11,EC,15:19,Saturday,EGLINTON ECLRT STATION,SXGDS,5,12,E,6253
2163,2026-04-11,EC,15:22,Saturday,HAKIMI LEBOVIC STOP,EXBK,126,133,W,6223
2164,2026-04-11,EC,15:42,Saturday,HAKIMI LEBOVIC STOP,PXSW,282,289,W,6200
2165,2026-04-11,EC,19:03,Saturday,EGLINTON ECLRT STATION,SXGDS,0,0,E,0
2166,2026-04-11,EC,20:19,Saturday,EGLINTON ECLRT STATION,MXPAA,3,15,W,6239
2167,2026-04-11,EC,20:40,Saturday,LEASIDE STATION,SXGDS,0,0,W,0
2168,2026-04-11,FW,21:48,Saturday,ALBION STOP,MXFL,7,17,W,6503
2169,2026-04-11,EC,23:21,Saturday,EGLINTON ECLRT STATION,MXO,23,38,E,6235
2170,2026-04-11,EC,23:26,Saturday,DON VALLEY STATION,MXIRS,10,25,E,6253
2171,2026-04-11,EC,00:46,Saturday,CALEDONIA STATION,SXGDS,0,0,E,0
2172,2026-04-11,EC,00:49,Saturday,CALEDONIA STATION,SXGDS,0,0,E,0
2173,2026-04-12,FW,08:21,Saturday,JANE FWLRT STOP,EXATC,0,0,E,6508
2174,2026-04-12,FW,09:39,Saturday,FINCH WEST FWLRT STATI,MXIS,0,0,,0
2175,2026-04-12,EC,10:51,Saturday,EGLINTON ECLRT STATION,SXGDS,0,0,E,0
2176,2026-04-12,EC,12:32,Saturday,OAKWOOD STATION,SXDP,0,0,,0
2177,2026-04-12,FW,12:47,Saturday,HUMBER COLLEGE STOP,EXBK,6,12,W,6502
2178,2026-04-12,EC,13:10,Saturday,O'CONNOR STOP,EXBK,57,64,W,6232
2179,2026-04-12,EC,13:46,Saturday,HAKIMI LEBOVIC STOP,PXSW,311,318,W,6245
2180,2026-04-12,FW,17:47,Saturday,ROWNTREE MILLS STOP,MXUS,4,10,W,6502
2181,2026-04-12,EC,19:15,Saturday,EGLINTON ECLRT STATION,SXGDS,10,22,W,0
2182,2026-04-12,EC,22:04,Saturday,KEELESDALE STATION,SXGDS,4,12,E,6255
2183,2026-04-12,EC,22:49,Saturday,CALEDONIA STATION,PXMEL,0,0,,0
2184,2026-04-12,EC,00:18,Saturday,DON VALLEY STATION,SXGDS,0,0,E,6222
2185,2026-04-12,FW,00:34,Saturday,FINCH WEST FWLRT STATI,SXDP,0,0,,0
2186,2026-04-12,EC,00:52,Saturday,CHAPLIN STATION,SXGDS,5,20,W,6226
2187,2026-04-13,FW,04:54,Monday,YORKGATE BLVD,PXSW,10,17,W,6514
2188,2026-04-13,FW,05:08,Monday,FINCH WEST FWLRT STATI,PXSW,10,0,W,6514
2189,2026-04-13,FW,07:31,Monday,SENTINEL STOP,EXDO,0,0,W,6505
2190,2026-04-13,EC,07:39,Monday,GOLDEN MILE STOP,EXATC,4,8,W,6256
2191,2026-04-13,EC,09:34,Monday,MOUNT PLEASANT STATION,MXPAA,0,0,E,6200
2192,2026-04-13,EC,10:09,Monday,CALEDONIA STATION,MXIRS,0,0,,0
2193,2026-04-13,EC,10:16,Monday,HAKIMI LEBOVIC STOP,EXATC,7,14,W,6246
2194,2026-04-13,FW,10:46,Monday,FINCH WEST STATION,TXOI,0,0,,0
2195,2026-04-13,FW,11:42,Monday,PEARLDALE STOP -  ROWN,PXMO,0,0,W,6507
2196,2026-04-13,EC,12:42,Monday,CEDARVALE STATION,MXIRS,0,0,,0
2197,2026-04-13,EC,13:10,Monday,HAKIMI LEBOVIC STOP,PXSW,110,117,W,6215
2198,2026-04-13,FW,01:11,Monday,EGLINTON ECLRT STATION,SXGDS,0,0,W,6257
2199,2026-04-13,FW,13:49,Monday,HUMBER COLLEGE STOP,TXO,7,16,E,6502
2200,2026-04-13,FW,14:33,Monday,FINCH WEST FWLRT STATI,EXO,5,14,W,6504
2201,2026-04-13,FW,15:01,Monday,PEARLDALE STOP,EXDO,6,14,W,6500
2202,2026-04-13,EC,15:06,Monday,KEELESDALE STATION,MXIS,0,0,,0
2203,2026-04-13,FW,15:49,Monday,STEVENSON STOP,MXO,6,12,E,6504
2204,2026-04-13,EC,15:51,Monday,SUNNYBROOK PARK STOP,EXO,4,8,E,6235
2205,2026-04-13,EC,16:34,Monday,HAKIMI LEBOVIC STOP,PXSW,197,201,E,6203
2206,2026-04-13,FW,17:35,Monday,DRIFTWOOD STOP,EXDO,4,10,W,6502
2207,2026-04-13,EC,17:51,Monday,DON VALLEY STATION,EXGA,7,14,E,6208
2208,2026-04-13,EC,20:56,Monday,KEELESDALE STATION,MXO,0,0,,0
2209,2026-04-14,EC,05:09,Tuesday,HAKIMI LEBOVIC STOP,PXSW,5,10,,0
2210,2026-04-14,FW,08:59,Tuesday,JANE FWLRT STOP,EXATC,0,0,E,6501
2211,2026-04-14,FW,09:41,Tuesday,YORKGATE,PXSW,0,0,W,6501
2212,2026-04-14,EC,10:08,Tuesday,CALEDONIA STATION,MXPAA,0,0,E,6222
2213,2026-04-14,EC,10:09,Tuesday,DON VALLEY STATION,MXIRS,0,0,,0
2214,2026-04-14,EC,11:51,Tuesday,MOUNT PLEASANT STATION,MXD,0,0,W,6215
2215,2026-04-14,FW,13:04,Tuesday,FINCH WEST FWLRT STATI,EXDO,10,20,W,6500
2216,2026-04-14,FW,13:25,Tuesday,FINCH WEST FWLRT STATI,EXDO,7,14,E,6516
2217,2026-04-14,EC,14:13,Tuesday,CHAPLIN STATION,MXIRS,0,0,,0
2218,2026-04-14,FW,14:44,Tuesday,FINCH WEST FWLRT STATI,SXGDS,10,20,,6514
2219,2026-04-14,EC,14:50,Tuesday,CEDARVALE STATION,SXGDS,0,0,E,0
2220,2026-04-14,EC,14:55,Tuesday,CEDARVALE STATION,SXGDS,4,8,E,6229
2221,2026-04-14,EC,21:31,Tuesday,MOUNT DENNIS STATION,MXIR,0,0,E,6200
2222,2026-04-14,EC,22:30,Tuesday,PHARMACY STOP,TXO,32,47,W,6235
2223,2026-04-14,EC,22:36,Tuesday,MOUNT PLEASENT STATION,MXIRS,0,0,,0
2224,2026-04-15,EC,05:14,Wednesday,MT DENNIS STATION,MXIS,0,0,,0
2225,2026-04-15,,05:28,Wednesday,PHARMACY STOP - HAKIMI,PXSW,0,0,W,0
2226,2026-04-15,FW,05:51,Wednesday,FINCH WEST FWLRT STATI,EXATC,0,0,E,6513
2227,2026-04-15,FW,06:07,Wednesday,HAND OFF,PXSW,0,0,,0
2228,2026-04-15,EC,11:55,Wednesday,MOUNT PLEASANT STATION,SXGDS,0,0,E,6259
2229,2026-04-15,EC,12:28,Wednesday,MOUNT PLEASANT STATION,SXGDS,0,0,W,6264
2230,2026-04-15,FW,12:31,Wednesday,EMERY STOP,EXCE,0,0,E,6502
2231,2026-04-15,EC,13:57,Wednesday,LEASIDE STATION,SXGDS,6,12,E,6236
2232,2026-04-15,EC,14:43,Wednesday,MOUNT DENNIS STATION,EXO,6,12,E,6231
2233,2026-04-15,EC,15:22,Wednesday,DON VALLEY STATION,MXIRS,0,0,,0
2234,2026-04-15,EC,16:22,Wednesday,KENNEDY ECLRT STATION,MXSAN,3,7,W,6205
2235,2026-04-15,EC,16:42,Wednesday,LEASIDE STATION,SXGDS,0,0,W,0
2236,2026-04-15,EC,17:15,Wednesday,LINE 5,PXATC,6,12,,0
2237,2026-04-15,EC,18:18,Wednesday,MOUNT PLEASANT STATION,SXGDS,0,0,W,0
2238,2026-04-15,FW,19:11,Wednesday,YORKGATE BLVD,PXSW,0,0,,0
2239,2026-04-15,EC,19:13,Wednesday,CEDARVALE STATION,SXGDS,0,0,E,0
2240,2026-04-15,EC,20:35,Wednesday,IONVIEW STOP,MXDD,7,14,W,6246
2241,2026-04-15,EC,22:20,Wednesday,O'CONNOR STOP,EXBK,15,21,W,6226
2242,2026-04-15,EC,22:58,Wednesday,LAIRD STATION,MXIRS,0,0,W,0
2243,2026-04-15,FW,23:16,Wednesday,NORFINCH OAKDALE STOP,PXSW,4,14,E,6504
2244,2026-04-15,EC,23:18,Wednesday,CHAPLIN STATION,MXI,6,13,W,6238
2245,2026-04-16,FW,07:02,Thursday,MARTIN GROVE STOP,EXATC,0,0,E,6515
2246,2026-04-16,FW,07:08,Thursday,FINCH WEST FWLRT STATI,EXATC,0,0,W,6508
2247,2026-04-16,FW,07:11,Thursday,HUMBER COLLEGE STOP,EXATC,0,0,E,6501
2248,2026-04-16,FW,07:35,Thursday,DUNCANWOODS STOP,EXO,0,0,W,6503
2249,2026-04-16,EC,07:49,Thursday,DON VALLEY STATION,MXIRS,0,0,,0
2250,2026-04-16,EC,08:18,Thursday,DON VALLEY STATION,MXO,0,0,,0
2251,2026-04-16,EC,08:58,Thursday,GOLDEN MILE STOP,MXPAA,3,7,W,6270
2252,2026-04-16,EC,09:06,Thursday,DON VALLEY STATION,MXIRS,0,0,,0
2253,2026-04-16,EC,11:50,Thursday,FAIRBANK STATION,SXGDS,3,10,W,6234
2254,2026-04-16,EC,14:49,Thursday,AVENUE STATION,MXO,0,0,W,0
2255,2026-04-16,FW,14:58,Thursday,JANE FWLRT STOP,PXSW,6,12,E,6513
2256,2026-04-16,EC,15:31,Thursday,MOUNT DENNIS,EXO,6,12,E,6207
2257,2026-04-16,EC,16:00,Thursday,MOUNT DENNIS STATION,EXO,6,12,E,6263
2258,2026-04-16,EC,16:53,Thursday,KEELESDALE STATION,MXPAA,0,0,W,6208
2259,2026-04-16,FW,17:32,Thursday,ROWNTREE MILLS STOP,EXBK,0,0,E,6514
2260,2026-04-16,EC,17:58,Thursday,WYNFORD STOP,TXO,40,46,W,6234
2261,2026-04-16,EC,18:55,Thursday,EGLINTON ECLRT STATION,MXIRS,0,0,,0
2262,2026-04-16,EC,19:58,Thursday,LAIRD STATION,MXO,0,0,,0
2263,2026-04-16,FW,20:13,Thursday,HUMBER COLLEGE STOP,EXVC,6,16,E,6511
2264,2026-04-16,EC,20:44,Thursday,PHARMACY STOP,EXO,20,27,E,6227
2265,2026-04-17,EC,02:13,Friday,KEELESDALE STATION,PXSW,10,0,W,6205
2266,2026-04-17,EC,02:22,Friday,MOUNT DENNIS STATION,SXO,0,0,E,6205
2267,2026-04-17,FW,06:44,Friday,ROWNTREE MILLS STOP,TXOVS,0,0,W,6500
2268,2026-04-17,FW,07:54,Friday,ALBION STOP,EXO,0,0,E,6516
2269,2026-04-17,EC,08:01,Friday,KENNEDY ECLRT STATION,EXTM,24,28,W,6221
2270,2026-04-17,FW,08:01,Friday,JANE FWLRT STOP,EXO,0,0,E,6517
2271,2026-04-17,FW,08:14,Friday,STEVENSON STOP,TXOVS,0,0,W,6512
2272,2026-04-17,EC,09:07,Friday,KENNEDY ECLRT STATION,PXEME,124,131,W,6219
2273,2026-04-17,FW,11:36,Friday,FINCH WEST FWLRT STATI,EXATC,3,13,W,6517
2274,2026-04-17,EC,11:52,Friday,CALEDONIA STATION,SXGDS,5,12,W,6223
2275,2026-04-17,EC,13:01,Friday,EGLINTON ECLRT STATION,MXPAA,0,0,W,6254
2276,2026-04-17,EC,13:14,Friday,CEDARVALE STATION,MXPAA,6,12,W,6254
2277,2026-04-17,FW,15:16,Friday,SIGNET ARROW STOP,PXSW,82,88,E,6515
2278,2026-04-17,EC,15:52,Friday,EGLINTON ECLRT STATION,MXPAA,6,12,E,6211
2279,2026-04-17,EC,18:18,Friday,EGLINTON ECLRT STATION,SXL,0,0,,0
2280,2026-04-17,EC,18:18,Friday,KEELESDALE STATION,SXGDS,6,16,W,6205
2281,2026-04-17,EC,19:19,Friday,FOREST HILL STATION,MXPAA,5,10,E,6250
2282,2026-04-17,EC,21:00,Friday,O'CONNOR STOP,EXO,65,72,W,6240
2283,2026-04-18,FW,05:31,Saturday,MOUNT OLIVE STOP,EXDO,0,0,W,6500
2284,2026-04-18,FW,08:38,Saturday,NORFINCH OAKDALE STOP,PXSW,0,0,W,6511
2285,2026-04-18,EC,08:45,Saturday,MOUNT DENNIS STATION,MXIE,0,0,,0
2286,2026-04-18,FW,09:18,Saturday,FINCH WEST FWLRT STATI,TXOVS,0,0,E,6512
2287,2026-04-18,EC,10:22,Saturday,KEELESDALE STATION,MXO,0,0,,0
2288,2026-04-18,FW,12:06,Saturday,FINCH WEST FWLRT STATI,SXSA,0,0,W,6509
2289,2026-04-18,EC,13:10,Saturday,SCIENCE CENTRE STATION,SXGDS,0,0,E,0
2290,2026-04-18,EC,13:26,Saturday,KENNEDY ECLRT STATION,EXO,7,12,W,6227
2291,2026-04-18,EC,14:27,Saturday,MOUNT PLEASANT STATION,EXOSC,0,0,W,6229
2292,2026-04-18,EC,15:35,Saturday,DON VALLEY STATION,MXIS,0,0,,0
2293,2026-04-18,EC,16:39,Saturday,DON VALLEY STATION,MXIS,0,0,,0
2294,2026-04-18,EC,16:48,Saturday,KENNEDY ECLRT STATION,EXTM,7,14,W,6221
2295,2026-04-18,EC,21:50,Saturday,EGLINTON ECLRT STATION,SXO,0,0,,0
2296,2026-04-18,EC,00:26,Saturday,MOUNT DENNIS STATION,SXGDS,8,16,E,6231
2297,2026-04-19,FW,07:33,Friday,NORFINCH OAKDALE STOP,PXSW,10,24,W,6512
2298,2026-04-19,FW,08:00,Friday,NORFINCH OAKDALE STOP,PXSW,10,24,W,6504
2299,2026-04-19,FW,11:19,Friday,PEARLDALE STOP,TXO,10,20,E,6514
2300,2026-04-19,FW,11:28,Friday,PEARLDALE STOP,EXBK,0,0,W,6512
2301,2026-04-19,EC,12:14,Friday,FOREST HILL STATION,SXEAS,10,17,W,6252
2302,2026-04-19,EC,14:34,Friday,CEDARVALE STATION,SXGDS,0,0,E,0
2303,2026-04-19,FW,18:59,Friday,JANE FWLRT STOP,EXSE,0,0,W,6500
2304,2026-04-19,EC,19:24,Friday,KEELESDALE STATION,SXGDS,0,0,E,0
2305,2026-04-19,EC,20:21,Friday,LAIRD STATION,MXIR,8,23,E,6204
2306,2026-04-19,EC,21:11,Friday,KENNEDY ECLRT STATION,EXBO,7,14,W,6227
2307,2026-04-19,FW,21:15,Friday,FINCH WEST FWLRT STATI,PXMEL,0,0,,0
2308,2026-04-19,FW,21:19,Friday,FINCH WEST FWLRT STATI,SXGDS,0,0,,0
2309,2026-04-19,EC,21:28,Friday,FOREST HILL STATION,SXGDS,0,0,E,6273
2310,2026-04-19,FW,21:50,Friday,STEVENSON STOP,EXCE,0,0,W,6511
2311,2026-04-19,FW,23:12,Friday,EMERY STOP,MXAFR,83,97,E,6504
2312,2026-04-19,EC,23:42,Friday,EGLINTON ECLRT STATION,SXO,0,0,,0
2313,2026-04-20,EC,05:09,Monday,EGLINTON ECLRT STATION,SXO,0,0,,0
2314,2026-04-20,EC,07:38,Monday,MOUNT DENNIS STATION,EXBK,4,8,E,6228
2315,2026-04-20,EC,09:54,Monday,MOUNT PLEASANT STATION,MXIS,0,0,E,0
2316,2026-04-20,FW,09:56,Monday,NORFINCH OAKDALE STOP,PXSO,7,17,E,6506
2317,2026-04-20,EC,10:39,Monday,KENNEDY ECLRT STATION,EXGA,16,24,E,0
2318,2026-04-20,FW,11:19,Monday,NORFINCH OAKDALE STOP,EXDO,18,28,E,6500
2319,2026-04-20,FW,12:11,Monday,FINCH AND WESTON,MXO,124,130,W,6517
2320,2026-04-20,FW,12:32,Monday,EMERY STOP,MXO,20,26,E,6502
2321,2026-04-20,EC,15:49,Monday,CEDARVALE STATION,SXGDS,0,0,,0
2322,2026-04-20,EC,17:14,Monday,PHARMACY STOP,EXBK,15,20,E,6260
2323,2026-04-20,EC,17:19,Monday,MOUNT PLEASANT STATION,EXCE,0,0,E,6213
2324,2026-04-20,EC,17:29,Monday,CALEDONIA STATION,SXGDS,10,14,E,6247
2325,2026-04-20,EC,17:37,Monday,CEDARVALE STATION,TXNCA,0,0,,0
2326,2026-04-20,EC,18:18,Monday,MOUNT DENNIS STATION,SXO,0,0,E,6218
2327,2026-04-20,FW,19:32,Monday,SIGNET ARROW STOP,EXO,0,0,W,6514
2328,2026-04-20,FW,20:20,Monday,STEVENSON STOP,EXDO,0,0,W,6517
2329,2026-04-20,EC,00:18,Monday,O'CONNOR STOP,MXAFR,6,21,E,6241
2330,2026-04-20,EC,21:43,Monday,MOUNT PLEASANT STATION,SXGDS,3,11,E,6269
2331,2026-04-20,EC,23:02,Monday,FAIRBANK STATION,SXGDS,4,12,W,6262
2332,2026-04-20,FW,23:28,Monday,FINCH WEST FWLRT STATI,EXAC,10,20,W,6516
